"A_x","A_y","B_x","B_y","C_x","C_y","AB_x","AB_y","ABCD_x","ABCD_y"
0.5835857391,16397,0.5835857391,20399,0.5835857391,0,0.5835857391,640,0.5835857391,0,
1.572889328,16527,1.572889328,20301,1.572889328,0,1.572889328,637,1.572889328,0,
2.589424133,16755,2.589424133,20412,2.589424133,0,2.589424133,641,2.589424133,0,
3.616142988,16589,3.616142988,20511,3.616142988,0,3.616142988,688,3.616142988,0,
4.615922451,16598,4.615922451,20559,4.615922451,0,4.615922451,650,4.615922451,0,
5.589241982,16417,5.589241982,20487,5.589241982,0,5.589241982,626,5.589241982,0,
6.572454453,16332,6.572454453,20679,6.572454453,0,6.572454453,686,6.572454453,0,
7.58378911,16556,7.58378911,20408,7.58378911,0,7.58378911,628,7.58378911,0,
8.584471226,16614,8.584471226,20596,8.584471226,0,8.584471226,636,8.584471226,0,
9.579765081,16708,9.579765081,20458,9.579765081,0,9.579765081,670,9.579765081,0,
10.5790453,16562,10.5790453,20443,10.5790453,0,10.5790453,673,10.5790453,0,
11.57287383,16634,11.57287383,20798,11.57287383,0,11.57287383,696,11.57287383,0,
12.58327985,16643,12.58327985,20257,12.58327985,0,12.58327985,649,12.58327985,0,
13.57340527,16648,13.57340527,20346,13.57340527,0,13.57340527,649,13.57340527,0,
14.58338737,16452,14.58338737,20615,14.58338737,0,14.58338737,636,14.58338737,0,
15.58330584,16580,15.58330584,20533,15.58330584,0,15.58330584,667,15.58330584,0,
16.60758209,16661,16.60758209,20477,16.60758209,0,16.60758209,676,16.60758209,0,
17.57252693,16458,17.57252693,20581,17.57252693,0,17.57252693,687,17.57252693,0,
18.58320427,16598,18.58320427,20671,18.58320427,0,18.58320427,667,18.58320427,0,
19.5834794,16774,19.5834794,20428,19.5834794,0,19.5834794,662,19.5834794,0,
20.58284616,16478,20.58284616,20596,20.58284616,0,20.58284616,673,20.58284616,0,
21.57288575,16593,21.57288575,20431,21.57288575,0,21.57288575,644,21.57288575,0,
22.57292151,16567,22.57292151,20511,22.57292151,0,22.57292151,651,22.57292151,0,
23.57366037,16642,23.57366037,20520,23.57366037,0,23.57366037,655,23.57366037,0,
24.57319212,16717,24.57319212,20503,24.57319212,0,24.57319212,680,24.57319212,0,
25.5828886,16773,25.5828886,20295,25.5828886,0,25.5828886,671,25.5828886,0,
26.57284951,16668,26.57284951,20499,26.57284951,0,26.57284951,639,26.57284951,0,
27.58288431,16403,27.58288431,20562,27.58288431,0,27.58288431,691,27.58288431,0,
28.58354831,16542,28.58354831,20193,28.58354831,0,28.58354831,664,28.58354831,0,
29.57322121,16604,29.57322121,20485,29.57322121,0,29.57322121,623,29.57322121,0,
36.66669321,16586,36.66669321,20677,36.66669321,0,36.66669321,625,36.66669321,0,
37.5896008,16790,37.5896008,20759,37.5896008,0,37.5896008,674,37.5896008,0,
38.59955096,16696,38.59955096,20372,38.59955096,0,38.59955096,680,38.59955096,0,
39.62314892,16937,39.62314892,20504,39.62314892,0,39.62314892,656,39.62314892,0,
40.59048653,16749,40.59048653,20407,40.59048653,0,40.59048653,659,40.59048653,0,
41.58969855,16729,41.58969855,20489,41.58969855,0,41.58969855,655,41.58969855,0,
42.60609913,16588,42.60609913,20587,42.60609913,0,42.60609913,617,42.60609913,0,
43.61666965,16661,43.61666965,20473,43.61666965,0,43.61666965,685,43.61666965,0,
44.61816978,16297,44.61816978,20363,44.61816978,0,44.61816978,637,44.61816978,0,
45.62244511,16303,45.62244511,20588,45.62244511,0,45.62244511,659,45.62244511,0,
46.62476683,16597,46.62476683,20509,46.62476683,0,46.62476683,678,46.62476683,0,
47.63946629,16432,47.63946629,20581,47.63946629,0,47.63946629,647,47.63946629,0,
48.62369418,16524,48.62369418,20576,48.62369418,0,48.62369418,630,48.62369418,0,
49.62688184,16675,49.62688184,20500,49.62688184,0,49.62688184,647,49.62688184,0,
50.6500392,16506,50.6500392,20506,50.6500392,0,50.6500392,646,50.6500392,0,
51.6378932,16681,51.6378932,20397,51.6378932,0,51.6378932,633,51.6378932,0,
52.64083695,16290,52.64083695,20419,52.64083695,0,52.64083695,650,52.64083695,0,
53.64220786,16517,53.64220786,20427,53.64220786,0,53.64220786,673,53.64220786,0,
54.63968611,16554,54.63968611,20653,54.63968611,0,54.63968611,628,54.63968611,0,
55.6396687,16639,55.6396687,20605,55.6396687,0,55.6396687,724,55.6396687,0,
56.64996338,16442,56.64996338,20411,56.64996338,0,56.64996338,677,56.64996338,0,
57.65006495,16496,57.65006495,20567,57.65006495,0,57.65006495,672,57.65006495,0,
58.65004277,16549,58.65004277,20463,58.65004277,0,58.65004277,663,58.65004277,0,
59.65681458,16671,59.65681458,20365,59.65681458,0,59.65681458,648,59.65681458,0,
60.66683292,16600,60.66683292,20564,60.66683292,0,60.66683292,663,60.66683292,0,
61.67321086,16534,61.67321086,20514,61.67321086,0,61.67321086,659,61.67321086,0,
62.65637898,16404,62.65637898,20558,62.65637898,0,62.65637898,671,62.65637898,0,
64.42316222,16597,64.42316222,20524,64.42316222,0,64.42316222,646,64.42316222,0,
65.4334774,16780,65.4334774,20521,65.4334774,0,65.4334774,682,65.4334774,0,
66.43335366,16552,66.43335366,20301,66.43335366,0,66.43335366,707,66.43335366,0,
67.45591044,16630,67.45591044,20370,67.45591044,0,67.45591044,637,67.45591044,0,
68.45061421,16753,68.45061421,20581,68.45061421,0,68.45061421,706,68.45061421,0,
69.43313909,16653,69.43313909,20582,69.43313909,0,69.43313909,710,69.43313909,0,
70.47284389,16933,70.47284389,20458,70.47284389,0,70.47284389,678,70.47284389,0,
71.46612978,16644,71.46612978,20472,71.46612978,0,71.46612978,663,71.46612978,0,
72.46677399,16688,72.46677399,20426,72.46677399,0,72.46677399,672,72.46677399,0,
73.46686935,16402,73.46686935,20281,73.46686935,0,73.46686935,659,73.46686935,0,
74.46672964,16502,74.46672964,20146,74.46672964,0,74.46672964,666,74.46672964,0,
75.46686673,16635,75.46686673,20447,75.46686673,0,75.46686673,668,75.46686673,0,
76.46680617,16466,76.46680617,20308,76.46680617,0,76.46680617,664,76.46680617,0,
77.46899319,16581,77.46899319,20371,77.46899319,0,77.46899319,732,77.46899319,0,
78.48285604,16463,78.48285604,20524,78.48285604,0,78.48285604,660,78.48285604,0,
79.49999857,16625,79.49999857,20111,79.49999857,0,79.49999857,692,79.49999857,0,
80.49971962,16745,80.49971962,20536,80.49971962,0,80.49971962,679,80.49971962,0,
81.50010109,16512,81.50010109,20363,81.50010109,0,81.50010109,661,81.50010109,0,
82.49657774,16607,82.49657774,20298,82.49657774,0,82.49657774,673,82.49657774,0,
83.49948931,16521,83.49948931,20364,83.49948931,0,83.49948931,664,83.49948931,0,
84.49932265,16457,84.49932265,20263,84.49932265,0,84.49932265,636,84.49932265,0,
85.49973893,16577,85.49973893,20581,85.49973893,0,85.49973893,617,85.49973893,0,
86.49973011,16568,86.49973011,20264,86.49973011,0,86.49973011,651,86.49973011,0,
87.49942327,16481,87.49942327,20438,87.49942327,0,87.49942327,702,87.49942327,0,
88.49961543,16377,88.49961543,20490,88.49961543,0,88.49961543,671,88.49961543,0,
89.52260852,16632,89.52260852,20469,89.52260852,0,89.52260852,691,89.52260852,0,
90.52259541,16562,90.52259541,20273,90.52259541,0,90.52259541,672,90.52259541,0,
91.51637077,16498,91.51637077,20462,91.51637077,0,91.51637077,690,91.51637077,0,
92.51693583,16638,92.51693583,20330,92.51693583,0,92.51693583,629,92.51693583,0,
93.5164361,16619,93.5164361,20295,93.5164361,0,93.5164361,710,93.5164361,0,
110.2837775,82716,110.2837775,101960,110.2837775,0,110.2837775,3232,110.2837775,0,
115.2838964,83290,115.2838964,102813,115.2838964,0,115.2838964,3341,115.2838964,0,
120.2901726,82638,120.2901726,102385,120.2901726,0,120.2901726,3238,120.2901726,0,
125.2839236,82753,125.2839236,102034,125.2839236,0,125.2839236,3332,125.2839236,0,
130.2832491,83119,130.2832491,102079,130.2832491,0,130.2832491,3326,130.2832491,0,
135.2834432,82736,135.2834432,101463,135.2834432,0,135.2834432,3393,135.2834432,0,
140.3169656,83590,140.3169656,102455,140.3169656,0,140.3169656,3341,140.3169656,0,
145.2832694,83458,145.2832694,103066,145.2832694,0,145.2832694,3344,145.2832694,0,
150.3086209,84755,150.3086209,105454,150.3086209,0,150.3086209,3271,150.3086209,0,
155.3070176,84212,155.3070176,104692,155.3070176,0,155.3070176,3369,155.3070176,0,
160.3247817,84105,160.3247817,104141,160.3247817,0,160.3247817,3329,160.3247817,0,
165.3343048,84033,165.3343048,103812,165.3343048,0,165.3343048,3346,165.3343048,0,
170.3336072,84178,170.3336072,103777,170.3336072,0,170.3336072,3412,170.3336072,0,
175.33392,83832,175.33392,104038,175.33392,0,175.33392,3297,175.33392,0,
222.8175616,83463,222.8175616,102953,222.8175616,0,222.8175616,3300,222.8175616,0,
227.8169391,84666,227.8169391,104976,227.8169391,0,227.8169391,3262,227.8169391,0,
232.8168821,85351,232.8168821,105557,232.8168821,0,232.8168821,3338,232.8168821,0,
237.8172982,85257,237.8172982,105602,237.8172982,0,237.8172982,3280,237.8172982,0,
242.8340807,84978,242.8340807,106011,242.8340807,0,242.8340807,3288,242.8340807,0,
247.8174195,85016,247.8174195,104792,247.8174195,0,247.8174195,3262,247.8174195,0,
351.7071464,92750,351.7071464,127730,351.7071464,0,351.7071464,3141,351.7071464,0,
356.7072721,252513,356.7072721,287691,356.7072721,0,356.7072721,3373,356.7072721,0,
361.7008743,130803,361.7008743,139023,361.7008743,0,361.7008743,3008,361.7008743,0,
366.7169962,83960,366.7169962,104549,366.7169962,0,366.7169962,3141,366.7169962,0,
371.7336745,84030,371.7336745,105517,371.7336745,0,371.7336745,3108,371.7336745,0,
376.7397733,84469,376.7397733,106060,376.7397733,0,376.7397733,3293,376.7397733,0,
381.7504225,84748,381.7504225,105469,381.7504225,0,381.7504225,3217,381.7504225,0,
386.7740617,85718,386.7740617,107505,386.7740617,0,386.7740617,3258,386.7740617,0,
391.7572091,84517,391.7572091,106960,391.7572091,0,391.7572091,3246,391.7572091,0,
396.7507479,84474,396.7507479,106751,396.7507479,0,396.7507479,3091,396.7507479,0,
401.7572794,84503,401.7572794,105957,401.7572794,0,401.7572794,3301,401.7572794,0,
406.7572105,84374,406.7572105,106938,406.7572105,0,406.7572105,3122,406.7572105,0,
411.7903242,85347,411.7903242,104961,411.7903242,0,411.7903242,3266,411.7903242,0,
416.7509546,84686,416.7509546,106191,416.7509546,0,416.7509546,3218,416.7509546,0,
421.767457,85134,421.767457,106775,421.767457,0,421.767457,3254,421.767457,0,
535.4740684,88225,535.4740684,127039,535.4740684,0,535.4740684,2897,535.4740684,0,
540.4674737,75503,540.4674737,94557,540.4674737,0,540.4674737,2962,540.4674737,0,
545.4840531,75204,545.4840531,94109,545.4840531,0,545.4840531,2905,545.4840531,0,
550.4740946,75710,550.4740946,94108,550.4740946,0,550.4740946,2909,550.4740946,0,
555.4842877,75603,555.4842877,95551,555.4842877,0,555.4842877,2846,555.4842877,0,
560.5166469,75468,560.5166469,94149,560.5166469,0,560.5166469,2921,560.5166469,0,
565.4844191,74762,565.4844191,91817,565.4844191,0,565.4844191,2820,565.4844191,0,
570.5080554,73207,570.5080554,90213,570.5080554,0,570.5080554,2911,570.5080554,0,
575.5010211,72803,575.5010211,90459,575.5010211,0,575.5010211,2880,575.5010211,0,
580.5173101,74413,580.5173101,91478,580.5173101,0,580.5173101,2829,580.5173101,0,
585.5344248,76185,585.5344248,95253,585.5344248,0,585.5344248,2934,585.5344248,0,
590.534245,75510,590.534245,93007,590.534245,0,590.534245,2883,590.534245,0,
595.5407302,75088,595.5407302,92125,595.5407302,0,595.5407302,2993,595.5407302,0,
647.234426,66503,647.234426,82095,647.234426,0,647.234426,2584,647.234426,0,
652.2500515,66056,652.2500515,81137,652.2500515,0,652.2500515,2457,652.2500515,0,
657.2510643,67065,657.2510643,83637,657.2510643,0,657.2510643,2506,657.2510643,0,
662.2512441,67726,662.2512441,84691,662.2512441,0,662.2512441,2519,662.2512441,0,
667.2529576,67473,667.2529576,84226,667.2529576,0,667.2529576,2546,667.2529576,0,
672.2512603,67779,672.2512603,83865,672.2512603,0,672.2512603,2539,672.2512603,0,
677.256865,67840,677.256865,86283,677.256865,0,677.256865,2505,677.256865,0,
682.2674637,66928,682.2674637,83597,682.2674637,0,682.2674637,2523,682.2674637,0,
687.2742455,68209,687.2742455,85093,687.2742455,0,687.2742455,2504,687.2742455,0,
692.2845576,68633,692.2845576,85449,692.2845576,0,692.2845576,2547,692.2845576,0,
717.3742616,65201,717.3742616,79637,717.3742616,0,717.3742616,2314,717.3742616,0,
722.38465,59509,722.38465,74302,722.38465,0,722.38465,2138,722.38465,0,
727.3999994,59151,727.3999994,73373,727.3999994,0,727.3999994,2321,727.3999994,0,
732.4059286,57860,732.4059286,70673,732.4059286,0,732.4059286,2254,732.4059286,0,
737.4177802,56793,737.4177802,70529,737.4177802,0,737.4177802,2223,737.4177802,0,
742.4347081,57172,742.4347081,70418,742.4347081,0,742.4347081,2287,742.4347081,0,
747.4345028,57239,747.4345028,70923,747.4345028,0,747.4345028,2220,747.4345028,0,
752.4350595,57936,752.4350595,71510,752.4350595,0,752.4350595,2212,752.4350595,0,
757.4345279,57065,757.4345279,71292,757.4345279,0,757.4345279,2173,757.4345279,0,
762.43433,57432,762.43433,70960,762.43433,0,762.43433,2168,762.43433,0,
767.4509084,57331,767.4509084,71127,767.4509084,0,767.4509084,2319,767.4509084,0,
772.4680955,57551,772.4680955,70600,772.4680955,0,772.4680955,2167,772.4680955,0,
797.3875737,66971,797.3875737,105970,797.3875737,0,797.3875737,1939,797.3875737,0,
802.4013834,47179,802.4013834,58884,802.4013834,0,802.4013834,1728,802.4013834,0,
807.4209127,47109,807.4209127,59627,807.4209127,0,807.4209127,1706,807.4209127,0,
812.4413626,49009,812.4413626,64063,812.4413626,0,812.4413626,1871,812.4413626,0,
817.4342656,46201,817.4342656,57839,817.4342656,0,817.4342656,1703,817.4342656,0,
822.4410825,45482,822.4410825,56113,822.4410825,0,822.4410825,1700,822.4410825,0,
827.4347792,46149,827.4347792,56230,827.4347792,0,827.4347792,1760,827.4347792,0,
832.4510481,45260,832.4510481,55684,832.4510481,0,832.4510481,1747,832.4510481,0,
837.451113,44761,837.451113,54947,837.451113,0,837.451113,1779,837.451113,0,
842.4744446,45002,842.4744446,54493,842.4744446,0,842.4744446,1727,842.4744446,0,
847.4514368,44691,847.4514368,55026,847.4514368,0,847.4514368,1691,847.4514368,0,
852.4682229,44678,852.4682229,54945,852.4682229,0,852.4682229,1674,852.4682229,0,
857.4841888,45112,857.4841888,54810,857.4841888,0,857.4841888,1737,857.4841888,0,
906.0681829,41295,906.0681829,54987,906.0681829,0,906.0681829,1200,906.0681829,0,
911.0579357,35025,911.0579357,43515,911.0579357,0,911.0579357,1192,911.0579357,0,
916.0678692,55636,916.0678692,100974,916.0678692,0,916.0678692,1234,916.0678692,0,
921.0682395,33866,921.0682395,43238,921.0682395,0,921.0682395,1177,921.0682395,0,
926.0745625,31553,926.0745625,38705,926.0745625,0,926.0745625,1156,926.0745625,0,
931.084985,31607,931.084985,38643,931.084985,0,931.084985,1221,931.084985,0,
936.0845923,31628,936.0845923,38087,936.0845923,0,936.0845923,1154,936.0845923,0,
941.0846367,31808,941.0846367,38381,941.0846367,0,941.0846367,1211,941.0846367,0,
946.0909429,31766,946.0909429,38618,946.0909429,0,946.0909429,1179,946.0909429,0,
951.1016941,31684,951.1016941,38605,951.1016941,0,951.1016941,1205,951.1016941,0,
956.107971,31611,956.107971,38519,956.107971,0,956.107971,1188,956.107971,0,
961.1175497,31348,961.1175497,38076,961.1175497,0,961.1175497,1147,961.1175497,0,
1010.718389,50382,1010.718389,68506,1010.718389,0,1010.718389,496,1010.718389,0,
1015.734717,20024,1015.734717,23923,1015.734717,0,1015.734717,705,1015.734717,0,
1020.734558,19547,1020.734558,23527,1020.734558,0,1020.734558,735,1020.734558,0,
1025.735163,19528,1025.735163,23523,1025.735163,0,1025.735163,643,1025.735163,0,
1030.735025,19785,1030.735025,23409,1030.735025,0,1030.735025,676,1030.735025,0,
1035.741118,20004,1035.741118,23378,1035.741118,0,1035.741118,684,1035.741118,0,
1040.74121,19796,1040.74121,23344,1040.74121,0,1040.74121,666,1040.74121,0,
1045.741408,19605,1045.741408,23626,1045.741408,0,1045.741408,694,1045.741408,0,
1050.747899,19742,1050.747899,23393,1050.747899,0,1050.747899,697,1050.747899,0,
1055.751379,19682,1055.751379,23515,1055.751379,0,1055.751379,676,1055.751379,0,
1060.768308,19561,1060.768308,23364,1060.768308,0,1060.768308,704,1060.768308,0,
1065.768445,19708,1065.768445,23467,1065.768445,0,1065.768445,737,1065.768445,0,
1070.785174,19544,1070.785174,23596,1070.785174,0,1070.785174,694,1070.785174,0,
1103.935164,11822,1103.935164,14070,1103.935164,0,1103.935164,348,1103.935164,0,
1108.951669,11247,1108.951669,12777,1108.951669,0,1108.951669,347,1108.951669,0,
1113.95176,11388,1113.95176,12994,1113.95176,0,1113.95176,331,1113.95176,0,
1118.958115,11253,1118.958115,12790,1118.958115,0,1118.958115,324,1118.958115,0,
1123.958165,11043,1123.958165,12798,1123.958165,0,1123.958165,330,1123.958165,0,
1128.975384,11397,1128.975384,12916,1128.975384,0,1128.975384,335,1128.975384,0,
1133.991512,11517,1133.991512,13000,1133.991512,0,1133.991512,384,1133.991512,0,
1138.991535,11288,1138.991535,13029,1138.991535,0,1138.991535,365,1138.991535,0,
1144.001894,11458,1144.001894,13103,1144.001894,0,1144.001894,348,1144.001894,0,
1149.001842,11437,1149.001842,12917,1149.001842,0,1149.001842,351,1149.001842,0,
1154.001898,11250,1154.001898,13075,1154.001898,0,1154.001898,331,1154.001898,0,
1195.858273,29991,1195.858273,72608,1195.858273,0,1195.858273,114,1195.858273,0,
1200.875018,4634,1200.875018,4499,1200.875018,0,1200.875018,60,1200.875018,0,
1205.891603,4621,1205.891603,4600,1205.891603,0,1205.891603,67,1205.891603,0,
1210.908311,4648,1210.908311,4562,1210.908311,0,1210.908311,74,1210.908311,0,
1215.918615,4690,1215.918615,4647,1215.918615,0,1215.918615,83,1215.918615,0,
1220.935189,4591,1220.935189,4647,1220.935189,0,1220.935189,69,1220.935189,0,
1225.958369,4672,1225.958369,4618,1225.958369,0,1225.958369,75,1225.958369,0,
1230.968332,4704,1230.968332,4561,1230.968332,0,1230.968332,66,1230.968332,0,
1235.970278,4670,1235.970278,4761,1235.970278,0,1235.970278,70,1235.970278,0,
1240.99083,4619,1240.99083,4638,1240.99083,0,1240.99083,67,1240.99083,0,
1245.994483,4593,1245.994483,4677,1245.994483,0,1245.994483,62,1245.994483,0,
1251.021423,4581,1251.021423,4617,1251.021423,0,1251.021423,57,1251.021423,0,
1256.01872,4753,1256.01872,4514,1256.01872,0,1256.01872,70,1256.01872,0,
1366.13507,51361,1366.13507,81061,1366.13507,0,1366.13507,46,1366.13507,0,
1371.135419,9330,1371.135419,13151,1371.135419,0,1371.135419,2,1371.135419,0,
1376.158828,8110,1376.158828,10880,1376.158828,0,1376.158828,1,1376.158828,0,
1381.152225,49013,1381.152225,119588,1381.152225,0,1381.152225,39,1381.152225,0,
1386.158157,93933,1386.158157,179006,1386.158157,0,1386.158157,111,1386.158157,0,
1391.168386,34915,1391.168386,83388,1391.168386,0,1391.168386,23,1391.168386,0,
1405.101891,3814,1405.101891,4286,1405.101891,0,1405.101891,0,1405.101891,0,
1410.100129,3844,1410.100129,4147,1410.100129,0,1410.100129,0,1410.100129,0,
1415.102214,3807,1415.102214,4143,1415.102214,0,1415.102214,3,1415.102214,0,
1420.102273,3694,1420.102273,4122,1420.102273,0,1420.102273,4,1420.102273,0,
1425.102219,3869,1425.102219,4114,1425.102219,0,1425.102219,3,1425.102219,0,
1430.101218,3849,1430.101218,4232,1430.101218,0,1430.101218,0,1430.101218,0,
1435.102239,3738,1435.102239,4194,1435.102239,0,1435.102239,2,1435.102239,0,
1440.108564,3807,1440.108564,4192,1440.108564,0,1440.108564,1,1440.108564,0,
1445.121703,3821,1445.121703,4224,1445.121703,0,1445.121703,0,1445.121703,0,
1450.124907,3879,1450.124907,4155,1450.124907,0,1450.124907,1,1450.124907,0,
1543.205253,4653,1543.205253,5268,1543.205253,0,1543.205253,5,1543.205253,0,
1548.202419,4396,1548.202419,5074,1548.202419,0,1548.202419,4,1548.202419,0,
1553.21914,4435,1553.21914,5133,1553.21914,0,1553.21914,3,1553.21914,0,
1558.218822,4438,1558.218822,5063,1558.218822,0,1558.218822,1,1558.218822,0,
1563.235578,4450,1563.235578,5020,1563.235578,0,1563.235578,0,1563.235578,0,
1568.285295,4219,1568.285295,4810,1568.285295,0,1568.285295,3,1568.285295,0,
1573.285737,4140,1573.285737,4746,1573.285737,0,1573.285737,2,1573.285737,0,
1578.225791,4140,1578.225791,4746,1578.225791,0,1578.225791,2,1578.225791,0,
1583.237042,4073,1583.237042,4707,1583.237042,0,1583.237042,3,1583.237042,0,
1636.35219,30139,1636.35219,76783,1636.35219,0,1636.35219,44,1636.35219,0,
1641.348193,7451,1641.348193,9658,1641.348193,0,1641.348193,12,1641.348193,0,
1646.352542,7616,1646.352542,9829,1646.352542,0,1646.352542,12,1646.352542,0,
1651.369208,7488,1651.369208,9755,1651.369208,0,1651.369208,19,1651.369208,0,
1656.385826,7474,1656.385826,9787,1656.385826,0,1656.385826,10,1656.385826,0,
1661.385124,7525,1661.385124,9714,1661.385124,0,1661.385124,14,1661.385124,0,
1666.391749,7508,1666.391749,9864,1666.391749,0,1666.391749,9,1666.391749,0,
1671.402548,7621,1671.402548,9809,1671.402548,0,1671.402548,5,1671.402548,0,
1676.408677,7506,1676.408677,9808,1676.408677,0,1676.408677,11,1676.408677,0,
1681.425167,7648,1681.425167,9552,1681.425167,0,1681.425167,7,1681.425167,0,
1686.425356,7526,1686.425356,9770,1686.425356,0,1686.425356,9,1686.425356,0,
1691.458871,7696,1691.458871,9592,1691.458871,0,1691.458871,13,1691.458871,0,
1696.435924,7468,1696.435924,9684,1696.435924,0,1696.435924,15,1696.435924,0,
1701.446487,7469,1701.446487,9758,1701.446487,0,1701.446487,9,1701.446487,0,
1750.052635,17140,1750.052635,25169,1750.052635,0,1750.052635,28,1750.052635,0,
1755.069314,22437,1755.069314,36125,1755.069314,0,1755.069314,24,1755.069314,0,
1760.059173,19434,1760.059173,29407,1760.059173,0,1760.059173,28,1760.059173,0,
1765.059429,21783,1765.059429,30846,1765.059429,0,1765.059429,27,1765.059429,0,
1787.052249,14793,1787.052249,20687,1787.052249,0,1787.052249,24,1787.052249,0,
1792.052795,13655,1792.052795,19691,1792.052795,0,1792.052795,30,1792.052795,0,
1797.05903,13686,1797.05903,18903,1797.05903,0,1797.05903,35,1797.05903,0,
1802.075775,13718,1802.075775,19102,1802.075775,0,1802.075775,23,1802.075775,0,
1807.125513,13537,1807.125513,19066,1807.125513,0,1807.125513,21,1807.125513,0,
1812.086001,13752,1812.086001,19223,1812.086001,0,1812.086001,30,1812.086001,0,
1817.085695,13683,1817.085695,19112,1817.085695,0,1817.085695,24,1817.085695,0,
1822.086074,13490,1822.086074,19231,1822.086074,0,1822.086074,33,1822.086074,0,
1827.085999,13641,1827.085999,19065,1827.085999,0,1827.085999,24,1827.085999,0,
1832.092904,13584,1832.092904,18930,1832.092904,0,1832.092904,23,1832.092904,0,
1837.109255,13639,1837.109255,19090,1837.109255,0,1837.109255,32,1837.109255,0,
1877.066117,85607,1877.066117,131971,1877.066117,0,1877.066117,233,1877.066117,0,
1882.069424,21587,1882.069424,30583,1882.069424,0,1882.069424,50,1882.069424,0,
1887.086192,20951,1887.086192,30265,1887.086192,0,1887.086192,46,1887.086192,0,
1892.086173,21414,1892.086173,30570,1892.086173,0,1892.086173,48,1892.086173,0,
1897.086138,21313,1897.086138,30196,1897.086138,0,1897.086138,43,1897.086138,0,
1902.0862,21086,1902.0862,30340,1902.0862,0,1902.0862,54,1902.0862,0,
1907.102566,21125,1907.102566,30547,1907.102566,0,1907.102566,46,1907.102566,0,
1912.092216,21128,1912.092216,30408,1912.092216,0,1912.092216,42,1912.092216,0,
1917.102835,21481,1917.102835,30221,1917.102835,0,1917.102835,51,1917.102835,0,
1922.101455,21071,1922.101455,30358,1922.101455,0,1922.101455,53,1922.101455,0,
1927.102857,21305,1927.102857,30938,1927.102857,0,1927.102857,72,1927.102857,0,
1932.102573,21196,1932.102573,30396,1932.102573,0,1932.102573,43,1932.102573,0,
1937.102916,21195,1937.102916,30509,1937.102916,0,1937.102916,51,1937.102916,0,
1942.119243,21578,1942.119243,30677,1942.119243,0,1942.119243,49,1942.119243,0,
2011.526052,31090,2011.526052,45530,2011.526052,0,2011.526052,76,2011.526052,0,
2016.525651,31059,2016.525651,45262,2016.525651,0,2016.525651,73,2016.525651,0,
2021.525798,30957,2021.525798,45180,2021.525798,0,2021.525798,70,2021.525798,0,
2026.526026,30840,2026.526026,45286,2026.526026,0,2026.526026,61,2026.526026,0,
2031.542406,30981,2031.542406,45721,2031.542406,0,2031.542406,68,2031.542406,0,
2036.536227,31254,2036.536227,45524,2036.536227,0,2036.536227,76,2036.536227,0,
2041.536366,31091,2041.536366,45028,2041.536366,0,2041.536366,67,2041.536366,0,
2046.526577,31066,2046.526577,44946,2046.526577,0,2046.526577,92,2046.526577,0,
2051.536373,31102,2051.536373,45621,2051.536373,0,2051.536373,83,2051.536373,0,
2056.558431,31207,2056.558431,45078,2056.558431,0,2056.558431,83,2056.558431,0,
2061.5526,31338,2061.5526,45317,2061.5526,0,2061.5526,88,2061.5526,0,
2066.559075,31093,2066.559075,44913,2066.559075,0,2066.559075,71,2066.559075,0,
2203.969913,41307,2203.969913,59541,2203.969913,0,2203.969913,119,2203.969913,0,
2208.98657,40952,2208.98657,59137,2208.98657,0,2208.98657,118,2208.98657,0,
2214.003235,41106,2214.003235,59407,2214.003235,0,2214.003235,100,2214.003235,0,
2219.003265,41112,2219.003265,59402,2219.003265,0,2219.003265,120,2219.003265,0,
2224.019934,40679,2224.019934,59627,2224.019934,0,2224.019934,102,2224.019934,0,
2229.019936,40900,2229.019936,59542,2229.019936,0,2229.019936,107,2229.019936,0,
2234.025492,40732,2234.025492,59507,2234.025492,0,2234.025492,107,2234.025492,0,
2239.026331,40777,2239.026331,59737,2239.026331,0,2239.026331,108,2239.026331,0,
2244.036368,40933,2244.036368,59410,2244.036368,0,2244.036368,106,2244.036368,0,
2249.03652,40969,2249.03652,59424,2249.03652,0,2249.03652,119,2249.03652,0,
2254.036334,40665,2254.036334,60181,2254.036334,0,2254.036334,94,2254.036334,0,
2259.035758,40853,2259.035758,59493,2259.035758,0,2259.035758,110,2259.035758,0,
2332.688754,51826,2332.688754,75338,2332.688754,0,2332.688754,153,2332.688754,0,
2337.70522,50669,2337.70522,73824,2337.70522,0,2337.70522,153,2337.70522,0,
2342.703448,49632,2342.703448,73050,2342.703448,0,2342.703448,141,2342.703448,0,
2347.703486,49857,2347.703486,73162,2347.703486,0,2347.703486,146,2347.703486,0,
2352.709794,50268,2352.709794,73074,2352.709794,0,2352.709794,153,2352.709794,0,
2357.718942,50036,2357.718942,73250,2357.718942,0,2357.718942,136,2357.718942,0,
2362.736809,49876,2362.736809,73137,2362.736809,0,2362.736809,149,2362.736809,0,
2367.753165,49951,2367.753165,72894,2367.753165,0,2367.753165,139,2367.753165,0,
2372.74318,49536,2372.74318,72582,2372.74318,0,2372.74318,160,2372.74318,0,
2377.743128,50031,2377.743128,73130,2377.743128,0,2377.743128,144,2377.743128,0,
2382.769834,50188,2382.769834,73130,2382.769834,0,2382.769834,147,2382.769834,0,
2387.75928,49599,2387.75928,72664,2387.75928,0,2387.75928,158,2387.75928,0,
2392.759883,49444,2392.759883,73095,2392.759883,0,2392.759883,158,2392.759883,0,
2397.753505,49924,2397.753505,72561,2397.753505,0,2397.753505,154,2397.753505,0,
2456.338686,58207,2456.338686,85368,2456.338686,0,2456.338686,155,2456.338686,0,
2461.35621,57722,2461.35621,85066,2461.35621,0,2461.35621,166,2461.35621,0,
2466.376663,57966,2466.376663,85259,2466.376663,0,2466.376663,178,2466.376663,0,
2471.393507,58158,2471.393507,85371,2471.393507,0,2471.393507,172,2471.393507,0,
2476.399507,58123,2476.399507,85084,2476.399507,0,2476.399507,153,2476.399507,0,
2481.386406,57759,2481.386406,85203,2481.386406,0,2481.386406,179,2481.386406,0,
2486.409884,57677,2486.409884,84828,2486.409884,0,2486.409884,184,2486.409884,0,
2491.403641,57720,2491.403641,84889,2491.403641,0,2491.403641,175,2491.403641,0,
2496.4203,58115,2496.4203,85210,2496.4203,0,2496.4203,194,2496.4203,0,
2501.426661,57976,2501.426661,85168,2501.426661,0,2501.426661,178,2501.426661,0,
2544.242551,68041,2544.242551,99958,2544.242551,0,2544.242551,191,2544.242551,0,
2549.237019,67306,2549.237019,99253,2549.237019,0,2549.237019,176,2549.237019,0,
2554.253218,67392,2554.253218,99650,2554.253218,0,2554.253218,193,2554.253218,0,
2559.25347,67109,2559.25347,98694,2559.25347,0,2559.25347,205,2559.25347,0,
2564.270079,67389,2564.270079,99284,2564.270079,0,2564.270079,222,2564.270079,0,
2569.253055,68000,2569.253055,98878,2569.253055,0,2569.253055,195,2569.253055,0,
2574.254113,67615,2574.254113,98674,2574.254113,0,2574.254113,210,2574.254113,0,
2579.253754,67439,2579.253754,99011,2579.253754,0,2579.253754,196,2579.253754,0,
2584.253702,67334,2584.253702,98653,2584.253702,0,2584.253702,195,2584.253702,0,
2589.26987,67723,2589.26987,99088,2589.26987,0,2589.26987,212,2589.26987,0,
2594.269867,67474,2594.269867,98517,2594.269867,0,2594.269867,198,2594.269867,0,
2599.264981,66926,2599.264981,98786,2599.264981,0,2599.264981,189,2599.264981,0,
2604.270074,67616,2604.270074,99022,2604.270074,0,2604.270074,163,2604.270074,0,
2609.270504,66621,2609.270504,99410,2609.270504,0,2609.270504,211,2609.270504,0,
2657.88594,76557,2657.88594,116985,2657.88594,0,2657.88594,239,2657.88594,0,
2662.895501,71650,2662.895501,105613,2662.895501,0,2662.895501,225,2662.895501,0,
2667.909712,71965,2667.909712,105282,2667.909712,0,2667.909712,254,2667.909712,0,
2672.905173,71396,2672.905173,105567,2672.905173,0,2672.905173,219,2672.905173,0,
2677.920489,71585,2677.920489,105789,2677.920489,0,2677.920489,234,2677.920489,0,
2682.926897,71628,2682.926897,105684,2682.926897,0,2682.926897,213,2682.926897,0,
2687.921961,71161,2687.921961,105153,2687.921961,0,2687.921961,227,2687.921961,0,
2692.936952,71535,2692.936952,105329,2692.936952,0,2692.936952,214,2692.936952,0,
2697.937074,72003,2697.937074,106065,2697.937074,0,2697.937074,254,2697.937074,0,
2702.953901,71525,2702.953901,104612,2702.953901,0,2702.953901,221,2702.953901,0,
2707.970342,71626,2707.970342,105064,2707.970342,0,2707.970342,253,2707.970342,0,
2712.95397,71365,2712.95397,105520,2712.95397,0,2712.95397,236,2712.95397,0,
2717.970128,71359,2717.970128,104813,2717.970128,0,2717.970128,238,2717.970128,0,
2785.888505,74222,2785.888505,109249,2785.888505,0,2785.888505,230,2785.888505,0,
2790.893949,74216,2790.893949,109088,2790.893949,0,2790.893949,235,2790.893949,0,
2795.904002,73953,2795.904002,109430,2795.904002,0,2795.904002,218,2795.904002,0,
2800.920246,73805,2800.920246,109669,2800.920246,0,2800.920246,217,2800.920246,0,
2805.926721,73671,2805.926721,109539,2805.926721,0,2805.926721,270,2805.926721,0,
2810.920263,74415,2810.920263,109498,2810.920263,0,2810.920263,262,2810.920263,0,
2815.943752,73731,2815.943752,109351,2815.943752,0,2815.943752,232,2815.943752,0,
2820.937309,74180,2820.937309,108914,2820.937309,0,2820.937309,220,2820.937309,0,
2825.937439,73961,2825.937439,109955,2825.937439,0,2825.937439,229,2825.937439,0,
2830.937398,73804,2830.937398,108932,2830.937398,0,2830.937398,227,2830.937398,0,
2835.936365,74011,2835.936365,109632,2835.936365,0,2835.936365,254,2835.936365,0,
2840.936943,74016,2840.936943,109043,2840.936943,0,2840.936943,249,2840.936943,0,
2845.937502,73911,2845.937502,109372,2845.937502,0,2845.937502,230,2845.937502,0,
2850.963051,74382,2850.963051,108610,2850.963051,0,2850.963051,217,2850.963051,0,
2855.943792,74353,2855.943792,109106,2855.943792,0,2855.943792,264,2855.943792,0,
2860.943696,73851,2860.943696,109138,2860.943696,0,2860.943696,222,2860.943696,0,
2865.937016,74131,2865.937016,108727,2865.937016,0,2865.937016,233,2865.937016,0,
2870.954039,73821,2870.954039,109242,2870.954039,0,2870.954039,232,2870.954039,0,
2875.960952,73882,2875.960952,109549,2875.960952,0,2875.960952,218,2875.960952,0,
2900.693765,74161,2900.693765,109293,2900.693765,0,2900.693765,223,2900.693765,0,
2905.697166,74186,2905.697166,109505,2905.697166,0,2905.697166,234,2905.697166,0,
2910.704179,74132,2910.704179,108523,2910.704179,0,2910.704179,224,2910.704179,0,
2915.72078,74184,2915.72078,109875,2915.72078,0,2915.72078,231,2915.72078,0,
2920.726633,74182,2920.726633,109568,2920.726633,0,2920.726633,217,2920.726633,0,
2925.727278,73883,2925.727278,109367,2925.727278,0,2925.727278,229,2925.727278,0,
2930.74302,73837,2930.74302,109210,2930.74302,0,2930.74302,246,2930.74302,0,
2935.720817,74135,2935.720817,109626,2935.720817,0,2935.720817,237,2935.720817,0,
2940.72033,73747,2940.72033,109641,2940.72033,0,2940.72033,213,2940.72033,0,
2945.727252,73777,2945.727252,108931,2945.727252,0,2945.727252,222,2945.727252,0,
2950.760514,73621,2950.760514,109755,2950.760514,0,2950.760514,237,2950.760514,0,
2955.759664,73589,2955.759664,109486,2955.759664,0,2955.759664,234,2955.759664,0,
2960.754156,73805,2960.754156,109642,2960.754156,0,2960.754156,250,2960.754156,0,
2965.770614,74285,2965.770614,109017,2965.770614,0,2965.770614,254,2965.770614,0,
2970.77082,73818,2970.77082,108848,2970.77082,0,2970.77082,248,2970.77082,0,
3016.120948,72937,3016.120948,108403,3016.120948,0,3016.120948,212,3016.120948,0,
3021.144017,71407,3021.144017,105435,3021.144017,0,3021.144017,256,3021.144017,0,
3026.137607,71534,3026.137607,105673,3026.137607,0,3026.137607,233,3026.137607,0,
3031.137631,71486,3031.137631,104875,3031.137631,0,3031.137631,242,3031.137631,0,
3036.15415,71492,3036.15415,105354,3036.15415,0,3036.15415,202,3036.15415,0,
3041.179158,71775,3041.179158,105644,3041.179158,0,3041.179158,247,3041.179158,0,
3046.170455,71653,3046.170455,105069,3046.170455,0,3046.170455,244,3046.170455,0,
3051.177401,71516,3051.177401,105395,3051.177401,0,3051.177401,242,3051.177401,0,
3056.176802,70920,3056.176802,105831,3056.176802,0,3056.176802,217,3056.176802,0,
3061.183517,71274,3061.183517,105935,3061.183517,0,3061.183517,248,3061.183517,0,
3066.189575,71589,3066.189575,106471,3066.189575,0,3066.189575,223,3066.189575,0,
3071.200886,71614,3071.200886,106053,3071.200886,0,3071.200886,234,3071.200886,0,
3076.193749,72072,3076.193749,105948,3076.193749,0,3076.193749,244,3076.193749,0,
3081.204344,71940,3081.204344,104885,3081.204344,0,3081.204344,241,3081.204344,0,
3086.204327,71608,3086.204327,105562,3086.204327,0,3086.204327,252,3086.204327,0,
3091.210476,71665,3091.210476,105494,3091.210476,0,3091.210476,238,3091.210476,0,
3096.210445,71533,3096.210445,105783,3096.210445,0,3096.210445,229,3096.210445,0,
3101.20407,71813,3101.20407,105298,3101.20407,0,3101.20407,239,3101.20407,0,
3106.204526,71994,3106.204526,105320,3106.204526,0,3106.204526,236,3106.204526,0,
3146.221126,67237,3146.221126,98475,3146.221126,0,3146.221126,217,3146.221126,0,
3151.220844,66665,3151.220844,98580,3151.220844,0,3151.220844,197,3151.220844,0,
3156.219833,66536,3156.219833,98783,3156.219833,0,3156.219833,199,3156.219833,0,
3161.220697,66604,3161.220697,98834,3161.220697,0,3161.220697,203,3161.220697,0,
3166.220985,66901,3166.220985,98273,3166.220985,0,3166.220985,207,3166.220985,0,
3171.220741,67206,3171.220741,98435,3171.220741,0,3171.220741,202,3171.220741,0,
3176.237764,66910,3176.237764,98001,3176.237764,0,3176.237764,221,3176.237764,0,
3181.237554,66579,3181.237554,97955,3181.237554,0,3181.237554,221,3181.237554,0,
3186.237824,66938,3186.237824,98115,3186.237824,0,3186.237824,174,3186.237824,0,
3191.239623,66945,3191.239623,98532,3191.239623,0,3191.239623,243,3191.239623,0,
3196.248887,66794,3196.248887,98316,3196.248887,0,3196.248887,236,3196.248887,0,
3201.255224,66863,3201.255224,98709,3201.255224,0,3201.255224,172,3201.255224,0,
3206.276987,66221,3206.276987,98066,3206.276987,0,3206.276987,215,3206.276987,0,
3211.270679,67189,3211.270679,97514,3211.270679,0,3211.270679,215,3211.270679,0,
3250.044294,57808,3250.044294,84808,3250.044294,0,3250.044294,167,3250.044294,0,
3255.05639,58332,3255.05639,84918,3255.05639,0,3255.05639,154,3255.05639,0,
3260.066257,58132,3260.066257,85180,3260.066257,0,3260.066257,188,3260.066257,0,
3265.07125,57663,3265.07125,84601,3265.07125,0,3265.07125,195,3265.07125,0,
3270.071329,57876,3270.071329,84287,3270.071329,0,3270.071329,166,3270.071329,0,
3275.06012,57841,3275.06012,84801,3275.06012,0,3275.06012,183,3275.06012,0,
3280.071059,57503,3280.071059,84507,3280.071059,0,3280.071059,169,3280.071059,0,
3285.088091,57919,3285.088091,84622,3285.088091,0,3285.088091,177,3285.088091,0,
3290.094373,57703,3290.094373,85349,3290.094373,0,3290.094373,188,3290.094373,0,
3295.110779,58131,3295.110779,85435,3295.110779,0,3295.110779,179,3295.110779,0,
3300.104649,58285,3300.104649,84873,3300.104649,0,3300.104649,170,3300.104649,0,
3305.112036,57958,3305.112036,84802,3305.112036,0,3305.112036,186,3305.112036,0,
3343.33816,51285,3343.33816,74266,3343.33816,0,3343.33816,144,3343.33816,0,
3348.354702,51471,3348.354702,75086,3348.354702,0,3348.354702,149,3348.354702,0,
3353.371335,51247,3353.371335,74443,3353.371335,0,3353.371335,162,3353.371335,0,
3358.377172,51299,3358.377172,74777,3358.377172,0,3358.377172,144,3358.377172,0,
3363.38809,51507,3363.38809,74650,3363.38809,0,3363.38809,152,3363.38809,0,
3368.404769,51228,3368.404769,75105,3368.404769,0,3368.404769,149,3368.404769,0,
3373.421312,51637,3373.421312,74852,3373.421312,0,3373.421312,149,3373.421312,0,
3378.438126,51191,3378.438126,74970,3378.438126,0,3378.438126,154,3378.438126,0,
3383.437621,51083,3383.437621,75058,3383.437621,0,3383.437621,162,3383.437621,0,
3388.454796,51312,3388.454796,75367,3388.454796,0,3388.454796,161,3388.454796,0,
3393.454769,51475,3393.454769,74621,3393.454769,0,3393.454769,149,3393.454769,0,
3429.494468,40146,3429.494468,58659,3429.494468,0,3429.494468,97,3429.494468,0,
3434.49449,40428,3434.49449,58965,3434.49449,0,3434.49449,124,3434.49449,0,
3439.510795,40208,3439.510795,58560,3439.510795,0,3439.510795,108,3439.510795,0,
3444.527916,40364,3444.527916,59061,3444.527916,0,3444.527916,93,3444.527916,0,
3449.538151,40415,3449.538151,58569,3449.538151,0,3449.538151,104,3449.538151,0,
3454.544262,40229,3454.544262,58517,3454.544262,0,3454.544262,107,3454.544262,0,
3459.54354,40044,3459.54354,58617,3459.54354,0,3459.54354,102,3459.54354,0,
3464.560248,40217,3464.560248,58417,3464.560248,0,3464.560248,115,3464.560248,0,
3469.554948,40451,3469.554948,58662,3469.554948,0,3469.554948,120,3469.554948,0,
3474.571298,40515,3474.571298,58935,3474.571298,0,3474.571298,110,3474.571298,0,
3479.554867,40425,3479.554867,58660,3479.554867,0,3479.554867,109,3479.554867,0,
3484.562737,40162,3484.562737,58639,3484.562737,0,3484.562737,120,3484.562737,0,
3489.546324,40788,3489.546324,58665,3489.546324,0,3489.546324,126,3489.546324,0,
3525.022117,29666,3525.022117,43077,3525.022117,0,3525.022117,84,3525.022117,0,
3530.021598,29962,3530.021598,42653,3530.021598,0,3530.021598,82,3530.021598,0,
3535.03826,30063,3535.03826,43039,3535.03826,0,3535.03826,87,3535.03826,0,
3540.038308,30220,3540.038308,43150,3540.038308,0,3540.038308,67,3540.038308,0,
3545.038246,29899,3545.038246,42942,3545.038246,0,3545.038246,79,3545.038246,0,
3550.054943,30075,3550.054943,43347,3550.054943,0,3550.054943,79,3550.054943,0,
3555.054542,30027,3555.054542,43241,3555.054542,0,3555.054542,83,3555.054542,0,
3560.06133,29863,3560.06133,42849,3560.06133,0,3560.06133,73,3560.06133,0,
3565.07696,29856,3565.07696,42769,3565.07696,0,3565.07696,78,3565.07696,0,
3570.088369,29997,3570.088369,42818,3570.088369,0,3570.088369,89,3570.088369,0,
3575.10483,29966,3575.10483,43170,3575.10483,0,3575.10483,91,3575.10483,0,
3580.121197,30021,3580.121197,43290,3580.121197,0,3580.121197,82,3580.121197,0,
3603.412094,20627,3603.412094,29281,3603.412094,0,3603.412094,61,3603.412094,0,
3608.410917,20397,3608.410917,29235,3608.410917,0,3608.410917,45,3608.410917,0,
3613.411382,20768,3613.411382,29313,3613.411382,0,3613.411382,51,3613.411382,0,
3618.421103,20612,3618.421103,29343,3618.421103,0,3618.421103,40,3618.421103,0,
3623.427699,20727,3623.427699,29171,3623.427699,0,3623.427699,52,3623.427699,0,
3628.421741,20542,3628.421741,29318,3628.421741,0,3628.421741,55,3628.421741,0,
3633.438442,20615,3633.438442,29135,3633.438442,0,3633.438442,55,3633.438442,0,
3638.438313,20501,3638.438313,29199,3638.438313,0,3638.438313,56,3638.438313,0,
3643.437544,20618,3643.437544,29074,3643.437544,0,3643.437544,52,3643.437544,0,
3648.455149,20899,3648.455149,29329,3648.455149,0,3648.455149,55,3648.455149,0,
3653.45492,20553,3653.45492,29274,3653.45492,0,3653.45492,48,3653.45492,0,
3658.452496,20681,3658.452496,29099,3658.452496,0,3658.452496,72,3658.452496,0,
3663.473067,20533,3663.473067,29014,3663.473067,0,3663.473067,63,3663.473067,0,
3668.478132,20335,3668.478132,29185,3668.478132,0,3668.478132,36,3668.478132,0,
3673.478131,20698,3673.478131,29367,3673.478131,0,3673.478131,54,3673.478131,0,
3678.474847,20399,3678.474847,29039,3678.474847,0,3678.474847,51,3678.474847,0,
3683.471493,20507,3683.471493,29000,3683.471493,0,3683.471493,51,3683.471493,0,
3688.488483,20499,3688.488483,29094,3688.488483,0,3688.488483,50,3688.488483,0,
3693.48855,20642,3693.48855,28953,3693.48855,0,3693.48855,44,3693.48855,0,
3858.445059,71336,3858.445059,104232,3858.445059,0,3858.445059,224,3858.445059,0,
3863.455103,70992,3863.455103,104088,3863.455103,0,3863.455103,212,3863.455103,0,
3868.464443,71020,3868.464443,104657,3868.464443,0,3868.464443,223,3868.464443,0,
3873.474302,70632,3873.474302,104332,3873.474302,0,3873.474302,222,3873.474302,0,
3878.472078,71269,3878.472078,104637,3878.472078,0,3878.472078,192,3878.472078,0,
3883.488223,70655,3883.488223,104510,3883.488223,0,3883.488223,223,3883.488223,0,
3888.505333,70728,3888.505333,104357,3888.505333,0,3888.505333,219,3888.505333,0,
3893.505431,71059,3893.505431,104067,3893.505431,0,3893.505431,224,3893.505431,0,
3898.511556,71674,3898.511556,104839,3898.511556,0,3898.511556,237,3898.511556,0,
3916.511068,14049,3916.511068,20774,3916.511068,0,3916.511068,48,3916.511068,0,
3917.504828,14017,3917.504828,20918,3917.504828,0,3917.504828,51,3917.504828,0,
3918.51087,14129,3918.51087,20814,3918.51087,0,3918.51087,44,3918.51087,0,
3919.510999,14198,3919.510999,21000,3919.510999,0,3919.510999,41,3919.510999,0,
3920.537593,14024,3920.537593,20767,3920.537593,0,3920.537593,44,3920.537593,0,
3921.560867,14357,3921.560867,20845,3921.560867,0,3921.560867,32,3921.560867,0,
3922.611824,14341,3922.611824,20775,3922.611824,0,3922.611824,46,3922.611824,0,
3923.571032,14341,3923.571032,20775,3923.571032,0,3923.571032,46,3923.571032,0,
3924.56099,14129,3924.56099,20903,3924.56099,0,3924.56099,46,3924.56099,0,
3925.611875,14309,3925.611875,20881,3925.611875,0,3925.611875,49,3925.611875,0,
3926.606858,12588,3926.606858,18648,3926.606858,0,3926.606858,29,3926.606858,0,
3927.611891,11922,3927.611891,18056,3927.611891,0,3927.611891,35,3927.611891,0,
3928.603986,9988,3928.603986,14714,3928.603986,0,3928.603986,24,3928.603986,0,
3929.60548,6094,3929.60548,8717,3929.60548,0,3929.60548,11,3929.60548,0,
3930.605082,2287,3930.605082,2980,3930.605082,0,3930.605082,5,3930.605082,0,
3931.604537,773,3931.604537,854,3931.604537,0,3931.604537,1,3931.604537,0,
3932.611899,902,3932.611899,851,3932.611899,0,3932.611899,1,3932.611899,0,
3933.621836,5698,3933.621836,8238,3933.621836,0,3933.621836,24,3933.621836,0,
3934.622165,10936,3934.622165,16081,3934.622165,0,3934.622165,34,3934.622165,0,
3935.604724,13967,3935.604724,21130,3935.604724,0,3935.604724,48,3935.604724,0,
3937.605468,7853,3937.605468,11426,3937.605468,0,3937.605468,19,3937.605468,0,
3938.611838,2597,3938.611838,3548,3938.611838,0,3938.611838,7,3938.611838,0,
3939.611425,849,3939.611425,1035,3939.611425,0,3939.611425,1,3939.611425,0,
3940.561633,849,3940.561633,1035,3940.561633,0,3940.561633,1,3940.561633,0,
3941.586964,1203,3941.586964,1529,3941.586964,0,3941.586964,3,3941.586964,0,
3942.594281,10380,3942.594281,15112,3942.594281,0,3942.594281,31,3942.594281,0,
3943.588519,10380,3943.588519,15112,3943.588519,0,3943.588519,31,3943.588519,0,
3944.610914,14463,3944.610914,21087,3944.610914,0,3944.610914,43,3944.610914,0,
3945.620988,13446,3945.620988,19560,3945.620988,0,3945.620988,42,3945.620988,0,
3946.60488,8973,3946.60488,13379,3946.60488,0,3946.60488,20,3946.60488,0,
3947.618476,4730,3947.618476,6848,3947.618476,0,3947.618476,12,3947.618476,0,
3948.605358,2934,3948.605358,4080,3948.605358,0,3948.605358,9,3948.605358,0,
3949.604698,4829,3949.604698,7014,3949.604698,0,3949.604698,7,3949.604698,0,
3950.60506,8219,3950.60506,12204,3950.60506,0,3950.60506,16,3950.60506,0,
3951.611141,9042,3951.611141,12720,3951.611141,0,3951.611141,22,3951.611141,0,
3952.621084,8851,3952.621084,12880,3952.621084,0,3952.621084,24,3952.621084,0,
3953.605387,8828,3953.605387,13036,3953.605387,0,3953.605387,21,3953.605387,0,
3954.611188,8926,3954.611188,12717,3954.611188,0,3954.611188,21,3954.611188,0,
3955.620926,8765,3955.620926,12947,3955.620926,0,3955.620926,20,3955.620926,0,
3956.627542,9193,3956.627542,13638,3956.627542,0,3956.627542,29,3956.627542,0,
3957.644279,10055,3957.644279,15142,3957.644279,0,3957.644279,26,3957.644279,0,
3958.637575,10400,3958.637575,15878,3958.637575,0,3958.637575,24,3958.637575,0,
3959.637649,10348,3959.637649,15677,3959.637649,0,3959.637649,29,3959.637649,0,
3960.654894,10868,3960.654894,16759,3960.654894,0,3960.654894,37,3960.654894,0,
3961.671,10876,3961.671,16797,3961.671,0,3961.671,33,3961.671,0,
3962.644899,9737,3962.644899,15229,3962.644899,0,3962.644899,36,3962.644899,0,
3963.671918,9243,3963.671918,13486,3963.671918,0,3963.671918,18,3963.671918,0,
3964.644827,9718,3964.644827,13326,3964.644827,0,3964.644827,25,3964.644827,0,
3965.636949,9871,3965.636949,15129,3965.636949,0,3965.636949,27,3965.636949,0,
3966.638199,9881,3966.638199,15265,3966.638199,0,3966.638199,36,3966.638199,0,
3967.637765,9789,3967.637765,15076,3967.637765,0,3967.637765,29,3967.637765,0,
3968.660922,12230,3968.660922,19067,3968.660922,0,3968.660922,38,3968.660922,0,
3969.655281,15383,3969.655281,23351,3969.655281,0,3969.655281,38,3969.655281,0,
3970.661571,9296,3970.661571,14153,3970.661571,0,3970.661571,16,3970.661571,0,
3971.66149,2531,3971.66149,3308,3971.66149,0,3971.66149,0,3971.66149,0,
3972.654322,3142,3972.654322,4088,3972.654322,0,3972.654322,3,3972.654322,0,
3973.677749,12226,3973.677749,17446,3973.677749,0,3973.677749,39,3973.677749,0,
3974.655057,15724,3974.655057,22705,3974.655057,0,3974.655057,54,3974.655057,0,
3975.672168,8588,3975.672168,12244,3975.672168,0,3975.672168,20,3975.672168,0,
3976.671527,1760,3976.671527,2864,3976.671527,0,3976.671527,0,3976.671527,0,
3977.671761,6165,3977.671761,9658,3977.671761,0,3977.671761,14,3977.671761,0,
3978.677603,15235,3978.677603,23393,3978.677603,0,3978.677603,58,3978.677603,0,
3979.678133,15738,3979.678133,25667,3979.678133,0,3979.678133,44,3979.678133,0,
3980.671614,16069,3980.671614,27278,3980.671614,0,3980.671614,53,3980.671614,0,
3981.671781,16421,3981.671781,24380,3981.671781,0,3981.671781,48,3981.671781,0,
3982.671966,17097,3982.671966,25484,3982.671966,0,3982.671966,39,3982.671966,0,
3983.678168,17730,3983.678168,28775,3983.678168,0,3983.678168,49,3983.678168,0,
3984.673252,17848,3984.673252,26280,3984.673252,0,3984.673252,52,3984.673252,0,
3985.674725,18991,3985.674725,32130,3985.674725,0,3985.674725,71,3985.674725,0,
3986.678214,23216,3986.678214,43710,3986.678214,0,3986.678214,70,3986.678214,0,
3987.678538,20265,3987.678538,32621,3987.678538,0,3987.678538,70,3987.678538,0,
3988.670562,15025,3988.670562,22102,3988.670562,0,3988.670562,51,3988.670562,0,
3989.678704,14750,3989.678704,21765,3989.678704,0,3989.678704,46,3989.678704,0,
3990.688373,14721,3990.688373,22062,3990.688373,0,3990.688373,51,3990.688373,0,
3991.679628,14628,3991.679628,21828,3991.679628,0,3991.679628,46,3991.679628,0,
3992.671284,14774,3992.671284,21889,3992.671284,0,3992.671284,41,3992.671284,0,
3993.671798,14931,3993.671798,21753,3993.671798,0,3993.671798,49,3993.671798,0,
3994.677925,14672,3994.677925,21446,3994.677925,0,3994.677925,48,3994.677925,0,
3995.671522,14604,3995.671522,21726,3995.671522,0,3995.671522,35,3995.671522,0,
3996.678175,14706,3996.678175,21501,3996.678175,0,3996.678175,49,3996.678175,0,
3997.671843,14632,3997.671843,21690,3997.671843,0,3997.671843,42,3997.671843,0,
3998.671751,14831,3998.671751,21858,3998.671751,0,3998.671751,43,3998.671751,0,
3999.688385,14851,3999.688385,21460,3999.688385,0,3999.688385,41,3999.688385,0,
4000.688418,14627,4000.688418,21696,4000.688418,0,4000.688418,45,4000.688418,0,
4001.688534,14576,4001.688534,21701,4001.688534,0,4001.688534,47,4001.688534,0,
4002.688119,14544,4002.688119,21772,4002.688119,0,4002.688119,43,4002.688119,0,
4003.688282,14550,4003.688282,21703,4003.688282,0,4003.688282,48,4003.688282,0,
4004.70508,14587,4004.70508,21517,4004.70508,0,4004.70508,38,4004.70508,0,
4005.705314,14696,4005.705314,21796,4005.705314,0,4005.705314,39,4005.705314,0,
4006.704854,14651,4006.704854,21742,4006.704854,0,4006.704854,44,4006.704854,0,
4007.704891,14503,4007.704891,21612,4007.704891,0,4007.704891,48,4007.704891,0,
4008.705008,15089,4008.705008,21598,4008.705008,0,4008.705008,42,4008.705008,0,
4009.721723,14564,4009.721723,21632,4009.721723,0,4009.721723,34,4009.721723,0,
4010.704871,14650,4010.704871,21746,4010.704871,0,4010.704871,47,4010.704871,0,
4011.69844,14616,4011.69844,21832,4011.69844,0,4011.69844,42,4011.69844,0,
4012.705115,14708,4012.705115,21579,4012.705115,0,4012.705115,35,4012.705115,0,
4013.704686,14581,4013.704686,21891,4013.704686,0,4013.704686,40,4013.704686,0,
4014.704791,14657,4014.704791,21528,4014.704791,0,4014.704791,53,4014.704791,0,
4015.711472,14758,4015.711472,21729,4015.711472,0,4015.711472,47,4015.711472,0,
4016.70644,14824,4016.70644,22042,4016.70644,0,4016.70644,41,4016.70644,0,
4037.605117,17491,4037.605117,22843,4037.605117,0,4037.605117,43,4037.605117,0,
4038.604846,17429,4038.604846,22872,4038.604846,0,4038.604846,51,4038.604846,0,
4039.618497,17705,4039.618497,22569,4039.618497,0,4039.618497,52,4039.618497,0,
4040.622031,17575,4040.622031,22833,4040.622031,0,4040.622031,43,4040.622031,0,
4041.639275,17503,4041.639275,22586,4041.639275,0,4041.639275,33,4041.639275,0,
4042.654433,17395,4042.654433,22944,4042.654433,0,4042.654433,37,4042.654433,0,
4043.644514,17794,4043.644514,22985,4043.644514,0,4043.644514,54,4043.644514,0,
4044.644482,17760,4044.644482,22974,4044.644482,0,4044.644482,55,4044.644482,0,
4045.644701,17757,4045.644701,22747,4045.644701,0,4045.644701,47,4045.644701,0,
4046.638386,17622,4046.638386,22618,4046.638386,0,4046.638386,44,4046.638386,0,
4047.638362,17733,4047.638362,22709,4047.638362,0,4047.638362,47,4047.638362,0,
4048.658397,17823,4048.658397,22516,4048.658397,0,4048.658397,51,4048.658397,0,
4049.661681,17715,4049.661681,22955,4049.661681,0,4049.661681,36,4049.661681,0,
4050.661615,17745,4050.661615,22723,4050.661615,0,4050.661615,51,4050.661615,0,
4051.654837,17678,4051.654837,22727,4051.654837,0,4051.654837,38,4051.654837,0,
4052.654864,16223,4052.654864,22281,4052.654864,0,4052.654864,55,4052.654864,0,
4053.655403,15308,4053.655403,21957,4053.655403,0,4053.655403,41,4053.655403,0,
4054.654813,14650,4054.654813,21567,4054.654813,0,4054.654813,44,4054.654813,0,
4055.654849,14779,4055.654849,21830,4055.654849,0,4055.654849,50,4055.654849,0,
4056.654894,14526,4056.654894,21508,4056.654894,0,4056.654894,39,4056.654894,0,
4057.665494,14817,4057.665494,21735,4057.665494,0,4057.665494,34,4057.665494,0,
4058.655437,14673,4058.655437,21631,4058.655437,0,4058.655437,42,4058.655437,0,
4059.654849,14738,4059.654849,21725,4059.654849,0,4059.654849,44,4059.654849,0,
4060.654542,16477,4060.654542,22410,4060.654542,0,4060.654542,45,4060.654542,0,
4061.655061,17779,4061.655061,22596,4061.655061,0,4061.655061,42,4061.655061,0,
4062.65151,17910,4062.65151,22790,4062.65151,0,4062.65151,38,4062.65151,0,
4063.654858,17632,4063.654858,22830,4063.654858,0,4063.654858,47,4063.654858,0,
4064.654844,18085,4064.654844,22674,4064.654844,0,4064.654844,52,4064.654844,0,
4065.677914,17790,4065.677914,22771,4065.677914,0,4065.677914,34,4065.677914,0,
4066.654418,17821,4066.654418,22793,4066.654418,0,4066.654418,43,4066.654418,0,
4067.66112,18042,4067.66112,22737,4067.66112,0,4067.66112,58,4067.66112,0,
4068.661108,17961,4068.661108,22752,4068.661108,0,4068.661108,43,4068.661108,0,
4069.694402,17953,4069.694402,22948,4069.694402,0,4069.694402,40,4069.694402,0,
4070.694924,17902,4070.694924,22721,4070.694924,0,4070.694924,53,4070.694924,0,
4071.702651,17803,4071.702651,22848,4071.702651,0,4071.702651,46,4071.702651,0,
4072.705002,17963,4072.705002,22665,4072.705002,0,4072.705002,49,4072.705002,0,
4073.728463,17766,4073.728463,23166,4073.728463,0,4073.728463,47,4073.728463,0,
4074.688359,17820,4074.688359,23070,4074.688359,0,4074.688359,28,4074.688359,0,
4075.68773,17764,4075.68773,23183,4075.68773,0,4075.68773,50,4075.68773,0,
4076.688462,17894,4076.688462,23039,4076.688462,0,4076.688462,62,4076.688462,0,
4077.687863,18155,4077.687863,23355,4077.687863,0,4077.687863,45,4077.687863,0,
4078.688187,18160,4078.688187,23467,4078.688187,0,4078.688187,40,4078.688187,0,
4079.694783,17637,4079.694783,22851,4079.694783,0,4079.694783,35,4079.694783,0,
4080.688236,17839,4080.688236,22993,4080.688236,0,4080.688236,55,4080.688236,0,
4081.688597,17236,4081.688597,22240,4081.688597,0,4081.688597,45,4081.688597,0,
4082.694792,15248,4082.694792,19152,4082.694792,0,4082.694792,29,4082.694792,0,
4083.694833,13461,4083.694833,16225,4083.694833,0,4083.694833,28,4083.694833,0,
4084.695003,11747,4084.695003,13750,4084.695003,0,4084.695003,23,4084.695003,0,
4085.688852,9408,4085.688852,10609,4085.688852,0,4085.688852,16,4085.688852,0,
4086.694725,10879,4086.694725,12575,4086.694725,0,4086.694725,19,4086.694725,0,
4087.694947,15638,4087.694947,20060,4087.694947,0,4087.694947,40,4087.694947,0,
4088.688093,17687,4088.688093,23035,4088.688093,0,4088.688093,45,4088.688093,0,
4089.705262,17917,4089.705262,23227,4089.705262,0,4089.705262,41,4089.705262,0,
4090.70493,17169,4090.70493,22547,4090.70493,0,4090.70493,39,4090.70493,0,
4091.705103,16123,4091.705103,20931,4091.705103,0,4091.705103,41,4091.705103,0,
4092.704838,14259,4092.704838,17711,4092.704838,0,4092.704838,27,4092.704838,0,
4093.721782,15781,4093.721782,19749,4093.721782,0,4093.721782,43,4093.721782,0,
4094.728101,15746,4094.728101,20461,4094.728101,0,4094.728101,46,4094.728101,0,
4095.721303,16850,4095.721303,21821,4095.721303,0,4095.721303,51,4095.721303,0,
4096.744555,17070,4096.744555,22174,4096.744555,0,4096.744555,44,4096.744555,0,
4097.727771,17374,4097.727771,22370,4097.727771,0,4097.727771,38,4097.727771,0,
4098.721118,17369,4098.721118,22188,4098.721118,0,4098.721118,42,4098.721118,0,
4099.721193,17358,4099.721193,22128,4099.721193,0,4099.721193,46,4099.721193,0,
4100.74069,17229,4100.74069,22127,4100.74069,0,4100.74069,62,4100.74069,0,
4101.754408,17483,4101.754408,22193,4101.754408,0,4101.754408,39,4101.754408,0,
4102.738129,17396,4102.738129,22178,4102.738129,0,4102.738129,47,4102.738129,0,
4103.727912,17511,4103.727912,22182,4103.727912,0,4103.727912,39,4103.727912,0,
4104.737891,17057,4104.737891,23703,4104.737891,0,4104.737891,44,4104.737891,0,
4105.727809,17859,4105.727809,27495,4105.727809,0,4105.727809,37,4105.727809,0,
4106.744512,17147,4106.744512,25384,4106.744512,0,4106.744512,56,4106.744512,0,
4107.737802,15990,4107.737802,23475,4107.737802,0,4107.737802,51,4107.737802,0,
4108.727767,14964,4108.727767,21766,4108.727767,0,4108.727767,41,4108.727767,0,
4109.744571,15268,4109.744571,21980,4109.744571,0,4109.744571,44,4109.744571,0,
4110.727756,16883,4110.727756,21986,4110.727756,0,4110.727756,37,4110.727756,0,
4111.737802,17293,4111.737802,21729,4111.737802,0,4111.737802,41,4111.737802,0,
4112.724432,17403,4112.724432,22270,4112.724432,0,4112.724432,50,4112.724432,0,
4113.751342,17669,4113.751342,22566,4113.751342,0,4113.751342,44,4113.751342,0,
4114.738052,17139,4114.738052,22114,4114.738052,0,4114.738052,31,4114.738052,0,
4115.744447,17089,4115.744447,22350,4115.744447,0,4115.744447,47,4115.744447,0,
4116.744465,17773,4116.744465,22809,4116.744465,0,4116.744465,40,4116.744465,0,
4117.771178,17709,4117.771178,23196,4117.771178,0,4117.771178,48,4117.771178,0,
4118.769925,15887,4118.769925,20154,4118.769925,0,4118.769925,38,4118.769925,0,
4119.777829,13724,4119.777829,17121,4119.777829,0,4119.777829,31,4119.777829,0,
4120.804769,12104,4120.804769,14849,4120.804769,0,4120.804769,21,4120.804769,0,
4121.804873,9420,4121.804873,10591,4121.804873,0,4121.804873,8,4121.804873,0,
4122.795238,7227,4122.795238,7560,4122.795238,0,4122.795238,9,4122.795238,0,
4123.802072,5513,4123.802072,4935,4123.802072,0,4123.802072,4,4123.802072,0,
4124.795171,3953,4124.795171,2557,4124.795171,0,4124.795171,1,4124.795171,0,
4125.805093,3888,4125.805093,2302,4125.805093,0,4125.805093,0,4125.805093,0,
4126.804902,3993,4126.804902,2396,4126.804902,0,4126.804902,1,4126.804902,0,
4127.804589,5129,4127.804589,4233,4127.804589,0,4127.804589,3,4127.804589,0,
4128.80487,7535,4128.80487,7823,4128.80487,0,4128.80487,10,4128.80487,0,
4129.79487,11211,4129.79487,13444,4129.79487,0,4129.79487,22,4129.79487,0,
4130.805417,14469,4130.805417,18406,4130.805417,0,4130.805417,34,4130.805417,0,
4131.80536,15728,4131.80536,20633,4131.80536,0,4131.80536,36,4131.80536,0,
4132.821202,17541,4132.821202,23023,4132.821202,0,4132.821202,35,4132.821202,0,
4133.794578,17537,4133.794578,22494,4133.794578,0,4133.794578,38,4133.794578,0,
4134.827805,16615,4134.827805,21478,4134.827805,0,4134.827805,28,4134.827805,0,
4135.821622,15316,4135.821622,19328,4135.821622,0,4135.821622,37,4135.821622,0,
4136.828238,12817,4136.828238,15914,4136.828238,0,4136.828238,28,4136.828238,0,
4137.838474,11439,4137.838474,13605,4137.838474,0,4137.838474,29,4137.838474,0,
4138.838249,9896,4138.838249,11417,4138.838249,0,4138.838249,24,4138.838249,0,
4139.83877,6767,4139.83877,6893,4139.83877,0,4139.83877,11,4139.83877,0,
4140.85469,5421,4140.85469,4631,4140.85469,0,4140.85469,2,4140.85469,0,
4141.871149,4598,4141.871149,3377,4141.871149,0,4141.871149,1,4141.871149,0,
4142.871164,4418,4142.871164,3172,4142.871164,0,4142.871164,1,4142.871164,0,
4143.887907,4532,4143.887907,3214,4143.887907,0,4143.887907,2,4143.887907,0,
4144.877889,6951,4144.877889,6880,4144.877889,0,4144.877889,8,4144.877889,0,
4145.8945,9565,4145.8945,10570,4145.8945,0,4145.8945,12,4145.8945,0,
4146.887914,11681,4146.887914,14502,4146.887914,0,4146.887914,29,4146.887914,0,
4147.888021,15898,4147.888021,20553,4147.888021,0,4147.888021,38,4147.888021,0,
4148.888361,17623,4148.888361,23404,4148.888361,0,4148.888361,28,4148.888361,0,
4149.911588,17477,4149.911588,22255,4149.911588,0,4149.911588,51,4149.911588,0,
4150.904716,16399,4150.904716,20916,4150.904716,0,4150.904716,58,4150.904716,0,
4151.90471,16239,4151.90471,20367,4151.90471,0,4151.90471,45,4151.90471,0,
4152.904997,15912,4152.904997,19891,4152.904997,0,4152.904997,31,4152.904997,0,
4153.921437,15721,4153.921437,20181,4153.921437,0,4153.921437,42,4153.921437,0,
4154.921368,15956,4154.921368,20142,4154.921368,0,4154.921368,34,4154.921368,0,
4155.921534,14910,4155.921534,22408,4155.921534,0,4155.921534,25,4155.921534,0,
4156.92834,15364,4156.92834,23986,4156.92834,0,4156.92834,51,4156.92834,0,
4157.922461,16649,4157.922461,26997,4157.922461,0,4157.922461,41,4157.922461,0,
4158.938224,17760,4158.938224,30017,4158.938224,0,4158.938224,51,4158.938224,0,
4159.938582,19474,4159.938582,38628,4159.938582,0,4159.938582,55,4159.938582,0,
4160.938717,25744,4160.938717,66386,4160.938717,0,4160.938717,91,4160.938717,0,
4161.938928,18036,4161.938928,34635,4161.938928,0,4161.938928,56,4161.938928,0,
4162.938165,15231,4162.938165,21844,4162.938165,0,4162.938165,35,4162.938165,0,
4163.93859,18517,4163.93859,35025,4163.93859,0,4163.93859,49,4163.93859,0,
4164.938203,38463,4164.938203,88745,4164.938203,0,4164.938203,118,4164.938203,0,
4166.004543,41893,4166.004543,84008,4166.004543,0,4166.004543,145,4166.004543,0,
4166.977993,47951,4166.977993,90153,4166.977993,0,4166.977993,189,4166.977993,0,
4167.979042,52567,4167.979042,95681,4167.979042,0,4167.979042,227,4167.979042,0,
4168.978532,48586,4168.978532,88749,4168.978532,0,4168.978532,171,4168.978532,0,
4169.963177,15375,4169.963177,23094,4169.963177,0,4169.963177,33,4169.963177,0,
4170.971593,13749,4170.971593,19545,4170.971593,0,4170.971593,28,4170.971593,0,
4171.990988,13705,4171.990988,19794,4171.990988,0,4171.990988,39,4171.990988,0,
4173.006872,13952,4173.006872,19514,4173.006872,0,4173.006872,41,4173.006872,0,
4173.995646,13960,4173.995646,19885,4173.995646,0,4173.995646,33,4173.995646,0,
4174.989144,15782,4174.989144,21130,4174.989144,0,4174.989144,37,4174.989144,0,
4175.994553,16013,4175.994553,21641,4175.994553,0,4175.994553,39,4175.994553,0,
4176.99455,16157,4176.99455,21448,4176.99455,0,4176.99455,31,4176.99455,0,
4178.004627,15991,4178.004627,21351,4178.004627,0,4178.004627,36,4178.004627,0,
4179.011229,15873,4179.011229,21324,4179.011229,0,4179.011229,23,4179.011229,0,
4180.008763,15787,4180.008763,20695,4180.008763,0,4180.008763,44,4180.008763,0,
4181.011409,13825,4181.011409,19302,4181.011409,0,4181.011409,36,4181.011409,0,
4182.021281,13761,4182.021281,19765,4182.021281,0,4182.021281,41,4182.021281,0,
4183.016624,14932,4183.016624,19770,4183.016624,0,4183.016624,41,4183.016624,0,
4184.02157,14447,4184.02157,19589,4184.02157,0,4184.02157,45,4184.02157,0,
4185.022497,15944,4185.022497,19881,4185.022497,0,4185.022497,36,4185.022497,0,
4186.024637,15591,4186.024637,20208,4186.024637,0,4186.024637,35,4186.024637,0,
4187.027943,15938,4187.027943,19940,4187.027943,0,4187.027943,47,4187.027943,0,
4188.044704,16031,4188.044704,20089,4188.044704,0,4188.044704,37,4188.044704,0,
4189.038275,15959,4189.038275,20042,4189.038275,0,4189.038275,28,4189.038275,0,
4190.037878,15802,4190.037878,20143,4190.037878,0,4190.037878,38,4190.037878,0,
4191.037947,15746,4191.037947,19932,4191.037947,0,4191.037947,36,4191.037947,0,
4192.044729,15908,4192.044729,20408,4192.044729,0,4192.044729,37,4192.044729,0,
4193.044931,13837,4193.044931,20139,4193.044931,0,4193.044931,34,4193.044931,0,
4194.044628,13403,4194.044628,19595,4194.044628,0,4194.044628,41,4194.044628,0,
4195.044645,13487,4195.044645,20011,4195.044645,0,4195.044645,36,4195.044645,0,
4196.061585,13503,4196.061585,19726,4196.061585,0,4196.061585,41,4196.061585,0,
4197.071595,12978,4197.071595,18964,4197.071595,0,4197.071595,38,4197.071595,0,
4198.078001,12820,4198.078001,19011,4198.078001,0,4198.078001,43,4198.078001,0,
4228.271364,13764,4228.271364,18765,4228.271364,0,4228.271364,22,4228.271364,0,
4229.272103,13768,4229.272103,18761,4229.272103,0,4229.272103,16,4229.272103,0,
4230.272023,13871,4230.272023,18790,4230.272023,0,4230.272023,17,4230.272023,0,
4231.263669,13807,4231.263669,18643,4231.263669,0,4231.263669,15,4231.263669,0,
4232.294645,13854,4232.294645,18707,4232.294645,0,4232.294645,14,4232.294645,0,
4233.295451,13801,4233.295451,18853,4233.295451,0,4233.295451,15,4233.295451,0,
4234.305188,13919,4234.305188,18642,4234.305188,0,4234.305188,21,4234.305188,0,
4235.305026,14087,4235.305026,18884,4235.305026,0,4235.305026,9,4235.305026,0,
4236.29967,12529,4236.29967,16262,4236.29967,0,4236.29967,6,4236.29967,0,
4237.311602,10451,4237.311602,12815,4237.311602,0,4237.311602,11,4237.311602,0,
4238.328028,11738,4238.328028,14738,4238.328028,0,4238.328028,9,4238.328028,0,
4239.311411,14225,4239.311411,19282,4239.311411,0,4239.311411,184,4239.311411,0,
4240.318978,13931,4240.318978,19337,4240.318978,0,4240.318978,627,4240.318978,0,
4241.321911,13734,4241.321911,19702,4241.321911,0,4241.321911,605,4241.321911,0,
4242.338439,13818,4242.338439,19267,4242.338439,0,4242.338439,528,4242.338439,0,
4243.344632,13778,4243.344632,19704,4243.344632,0,4243.344632,508,4243.344632,0,
4244.344673,13781,4244.344673,19504,4244.344673,0,4244.344673,550,4244.344673,0,
4245.361286,13822,4245.361286,19570,4245.361286,0,4245.361286,535,4245.361286,0,
4246.344682,13768,4246.344682,19624,4246.344682,0,4246.344682,574,4246.344682,0,
4247.354656,13403,4247.354656,19536,4247.354656,0,4247.354656,374,4247.354656,0,
4248.371476,13035,4248.371476,18795,4248.371476,0,4248.371476,74,4248.371476,0,
4249.372017,12964,4249.372017,19027,4249.372017,0,4249.372017,62,4249.372017,0,
4250.372193,13018,4250.372193,19037,4250.372193,0,4250.372193,62,4250.372193,0,
4251.378395,12977,4251.378395,19193,4251.378395,0,4251.378395,74,4251.378395,0,
4252.372263,13192,4252.372263,18971,4252.372263,0,4252.372263,85,4252.372263,0,
4253.388638,13182,4253.388638,19120,4253.388638,0,4253.388638,70,4253.388638,0,
4254.372199,12975,4254.372199,19039,4254.372199,0,4254.372199,55,4254.372199,0,
4255.371657,13051,4255.371657,19164,4255.371657,0,4255.371657,72,4255.371657,0,
4256.371597,12994,4256.371597,19251,4256.371597,0,4256.371597,78,4256.371597,0,
4257.371977,12894,4257.371977,19053,4257.371977,0,4257.371977,79,4257.371977,0,
4258.378226,12868,4258.378226,19281,4258.378226,0,4258.378226,83,4258.378226,0,
4259.371712,13144,4259.371712,19137,4259.371712,0,4259.371712,95,4259.371712,0,
4260.38855,13445,4260.38855,19637,4260.38855,0,4260.38855,450,4260.38855,0,
4261.411282,13692,4261.411282,19450,4261.411282,0,4261.411282,509,4261.411282,0,
4262.38802,13737,4262.38802,19272,4262.38802,0,4262.38802,467,4262.38802,0,
4263.394748,13502,4263.394748,19604,4263.394748,0,4263.394748,470,4263.394748,0,
4264.388113,13590,4264.388113,19144,4264.388113,0,4264.388113,501,4264.388113,0,
4265.388133,13720,4265.388133,19392,4265.388133,0,4265.388133,500,4265.388133,0,
4266.388025,13505,4266.388025,19567,4266.388025,0,4266.388025,479,4266.388025,0,
4267.388691,13642,4267.388691,19576,4267.388691,0,4267.388691,559,4267.388691,0,
4268.388682,14160,4268.388682,19649,4268.388682,0,4268.388682,654,4268.388682,0,
4269.404694,13747,4269.404694,19499,4269.404694,0,4269.404694,610,4269.404694,0,
4270.41176,14092,4270.41176,19492,4270.41176,0,4270.41176,647,4270.41176,0,
4271.405755,13852,4271.405755,19695,4271.405755,0,4271.405755,614,4271.405755,0,
4272.411235,13865,4272.411235,19706,4272.411235,0,4272.411235,606,4272.411235,0,
4273.404723,13742,4273.404723,19684,4273.404723,0,4273.404723,598,4273.404723,0,
4274.421914,14016,4274.421914,19617,4274.421914,0,4274.421914,632,4274.421914,0,
4275.42872,14018,4275.42872,19837,4275.42872,0,4275.42872,678,4275.42872,0,
4276.422212,13908,4276.422212,19594,4276.422212,0,4276.422212,590,4276.422212,0,
4277.443582,13947,4277.443582,19787,4277.443582,0,4277.443582,630,4277.443582,0,
4278.405272,13693,4278.405272,19577,4278.405272,0,4278.405272,569,4278.405272,0,
4279.405703,13684,4279.405703,19464,4279.405703,0,4279.405703,544,4279.405703,0,
4280.411559,13958,4280.411559,19656,4280.411559,0,4280.411559,549,4280.411559,0,
4281.411969,13650,4281.411969,19691,4281.411969,0,4281.411969,519,4281.411969,0,
4282.422237,13800,4282.422237,19397,4282.422237,0,4282.422237,553,4282.422237,0,
4283.421788,13327,4283.421788,19456,4283.421788,0,4283.421788,402,4283.421788,0,
4284.421852,13360,4284.421852,19701,4284.421852,0,4284.421852,419,4284.421852,0,
4285.428585,13669,4285.428585,19565,4285.428585,0,4285.428585,400,4285.428585,0,
4286.422011,13633,4286.422011,19223,4286.422011,0,4286.422011,387,4286.422011,0,
4287.428644,13590,4287.428644,19710,4287.428644,0,4287.428644,392,4287.428644,0,
4288.421785,13887,4288.421785,19399,4288.421785,0,4288.421785,413,4288.421785,0,
4289.438182,13764,4289.438182,19577,4289.438182,0,4289.438182,515,4289.438182,0,
4290.438044,13659,4290.438044,19565,4290.438044,0,4290.438044,500,4290.438044,0,
4291.421925,13600,4291.421925,19510,4291.421925,0,4291.421925,501,4291.421925,0,
4292.42181,13915,4292.42181,19734,4292.42181,0,4292.42181,622,4292.42181,0,
4293.422002,13778,4293.422002,19628,4293.422002,0,4293.422002,638,4293.422002,0,
4294.422005,13872,4294.422005,19508,4294.422005,0,4294.422005,607,4294.422005,0,
4295.422324,13769,4295.422324,19750,4295.422324,0,4295.422324,581,4295.422324,0,
4296.421784,13788,4296.421784,19696,4296.421784,0,4296.421784,587,4296.421784,0,
4297.438477,14115,4297.438477,19812,4297.438477,0,4297.438477,671,4297.438477,0,
4298.438192,13959,4298.438192,19455,4298.438192,0,4298.438192,622,4298.438192,0,
4299.428734,14018,4299.428734,19548,4299.428734,0,4299.428734,602,4299.428734,0,
4300.428473,13996,4300.428473,19686,4300.428473,0,4300.428473,631,4300.428473,0,
4301.438697,14027,4301.438697,19403,4301.438697,0,4301.438697,634,4301.438697,0,
4302.428251,13914,4302.428251,19893,4302.428251,0,4302.428251,598,4302.428251,0,
4303.421166,14059,4303.421166,19414,4303.421166,0,4303.421166,673,4303.421166,0,
4304.422249,14060,4304.422249,19618,4304.422249,0,4304.422249,640,4304.422249,0,
4305.421863,14295,4305.421863,19809,4305.421863,0,4305.421863,632,4305.421863,0,
4306.421744,14146,4306.421744,19768,4306.421744,0,4306.421744,657,4306.421744,0,
4307.428408,13981,4307.428408,19616,4307.428408,0,4307.428408,624,4307.428408,0,
4308.422156,13910,4308.422156,19831,4308.422156,0,4308.422156,670,4308.422156,0,
4309.421772,13934,4309.421772,19907,4309.421772,0,4309.421772,661,4309.421772,0,
4310.422057,14036,4310.422057,19809,4310.422057,0,4310.422057,631,4310.422057,0,
4311.422254,13987,4311.422254,19655,4311.422254,0,4311.422254,681,4311.422254,0,
4312.42221,14217,4312.42221,19949,4312.42221,0,4312.42221,646,4312.42221,0,
4313.421439,13999,4313.421439,19861,4313.421439,0,4313.421439,707,4313.421439,0,
4314.428808,13833,4314.428808,19687,4314.428808,0,4314.428808,625,4314.428808,0,
4315.422272,14038,4315.422272,20048,4315.422272,0,4315.422272,684,4315.422272,0,
4316.421968,13925,4316.421968,19849,4316.421968,0,4316.421968,696,4316.421968,0,
4317.42157,13870,4317.42157,19838,4317.42157,0,4317.42157,639,4317.42157,0,
4318.421658,13841,4318.421658,20064,4318.421658,0,4318.421658,646,4318.421658,0,
4319.421882,13894,4319.421882,19711,4319.421882,0,4319.421882,636,4319.421882,0,
4320.422317,13796,4320.422317,19578,4320.422317,0,4320.422317,639,4320.422317,0,
4321.421844,13457,4321.421844,19736,4321.421844,0,4321.421844,542,4321.421844,0,
4322.438637,13505,4322.438637,19633,4322.438637,0,4322.438637,497,4322.438637,0,
4323.456683,13605,4323.456683,19637,4323.456683,0,4323.456683,579,4323.456683,0,
4324.438879,14050,4324.438879,19880,4324.438879,0,4324.438879,620,4324.438879,0,
4325.45529,13935,4325.45529,19542,4325.45529,0,4325.45529,655,4325.45529,0,
4326.455165,13945,4326.455165,19605,4326.455165,0,4326.455165,635,4326.455165,0,
4327.455345,13898,4327.455345,19873,4327.455345,0,4327.455345,657,4327.455345,0,
4328.454298,14078,4328.454298,20048,4328.454298,0,4328.454298,686,4328.454298,0,
4329.455289,13937,4329.455289,19933,4329.455289,0,4329.455289,679,4329.455289,0,
4330.478065,14051,4330.478065,19562,4330.478065,0,4330.478065,650,4330.478065,0,
4331.471448,14179,4331.471448,19699,4331.471448,0,4331.471448,683,4331.471448,0,
4332.455593,13944,4332.455593,19590,4332.455593,0,4332.455593,640,4332.455593,0,
4333.455418,14106,4333.455418,19637,4333.455418,0,4333.455418,592,4333.455418,0,
4334.484093,14077,4334.484093,19496,4334.484093,0,4334.484093,633,4334.484093,0,
4335.455235,13804,4335.455235,19607,4335.455235,0,4335.455235,551,4335.455235,0,
4336.4617,13935,4336.4617,19401,4336.4617,0,4336.4617,610,4336.4617,0,
4337.455254,13805,4337.455254,19509,4337.455254,0,4337.455254,557,4337.455254,0,
4338.455188,13798,4338.455188,19671,4338.455188,0,4338.455188,571,4338.455188,0,
4339.46146,14165,4339.46146,19571,4339.46146,0,4339.46146,584,4339.46146,0,
4340.454822,13610,4340.454822,19548,4340.454822,0,4340.454822,571,4340.454822,0,
4341.461488,13791,4341.461488,19701,4341.461488,0,4341.461488,560,4341.461488,0,
4342.461424,13925,4342.461424,19610,4342.461424,0,4342.461424,552,4342.461424,0,
4343.461413,13899,4343.461413,19617,4343.461413,0,4343.461413,569,4343.461413,0,
4344.478137,13900,4344.478137,19582,4344.478137,0,4344.478137,589,4344.478137,0,
4345.478142,13704,4345.478142,19524,4345.478142,0,4345.478142,556,4345.478142,0,
4346.494814,13754,4346.494814,19378,4346.494814,0,4346.494814,586,4346.494814,0,
4347.472098,13936,4347.472098,19350,4347.472098,0,4347.472098,562,4347.472098,0,
4348.494786,13986,4348.494786,19591,4348.494786,0,4348.494786,593,4348.494786,0,
4349.488415,14114,4349.488415,19494,4349.488415,0,4349.488415,578,4349.488415,0,
4350.495213,14016,4350.495213,19269,4350.495213,0,4350.495213,607,4350.495213,0,
4351.495613,13957,4351.495613,19708,4351.495613,0,4351.495613,616,4351.495613,0,
4352.47848,13904,4352.47848,19498,4352.47848,0,4352.47848,562,4352.47848,0,
4353.478901,14167,4353.478901,19739,4353.478901,0,4353.478901,616,4353.478901,0,
4354.505448,14007,4354.505448,19591,4354.505448,0,4354.505448,547,4354.505448,0,
4355.488265,13848,4355.488265,19566,4355.488265,0,4355.488265,619,4355.488265,0,
4356.472676,13696,4356.472676,19543,4356.472676,0,4356.472676,559,4356.472676,0,
4357.462229,13859,4357.462229,19417,4357.462229,0,4357.462229,533,4357.462229,0,
4358.472254,14020,4358.472254,19549,4358.472254,0,4358.472254,585,4358.472254,0,
4359.461789,13967,4359.461789,19446,4359.461789,0,4359.461789,583,4359.461789,0,
4360.455147,13765,4360.455147,19465,4360.455147,0,4360.455147,577,4360.455147,0,
4361.455224,14189,4361.455224,19490,4361.455224,0,4361.455224,564,4361.455224,0,
4362.455745,13908,4362.455745,19502,4362.455745,0,4362.455745,602,4362.455745,0,
4363.455097,13913,4363.455097,19626,4363.455097,0,4363.455097,588,4363.455097,0,
4364.462593,13919,4364.462593,19450,4364.462593,0,4364.462593,552,4364.462593,0,
4365.455209,14036,4365.455209,19745,4365.455209,0,4365.455209,587,4365.455209,0,
4366.455311,13861,4366.455311,19561,4366.455311,0,4366.455311,568,4366.455311,0,
4367.455637,13806,4367.455637,19665,4367.455637,0,4367.455637,583,4367.455637,0,
4368.462039,13910,4368.462039,19515,4368.462039,0,4368.462039,578,4368.462039,0,
4369.45611,13861,4369.45611,19580,4369.45611,0,4369.45611,587,4369.45611,0,
4370.478221,13688,4370.478221,19294,4370.478221,0,4370.478221,543,4370.478221,0,
4371.454966,13980,4371.454966,19551,4371.454966,0,4371.454966,559,4371.454966,0,
4372.478167,13803,4372.478167,19505,4372.478167,0,4372.478167,558,4372.478167,0,
4373.461496,13760,4373.461496,19631,4373.461496,0,4373.461496,548,4373.461496,0,
4374.471487,13984,4374.471487,19232,4374.471487,0,4374.471487,578,4374.471487,0,
4375.499349,14021,4375.499349,19497,4375.499349,0,4375.499349,576,4375.499349,0,
4376.514581,13841,4376.514581,19636,4376.514581,0,4376.514581,548,4376.514581,0,
4377.511518,14449,4377.511518,20592,4377.511518,0,4377.511518,578,4377.511518,0,
4378.528389,14744,4378.528389,21752,4378.528389,0,4378.528389,599,4378.528389,0,
4379.488428,15459,4379.488428,23819,4379.488428,0,4379.488428,587,4379.488428,0,
4380.528188,16338,4380.528188,25098,4380.528188,0,4380.528188,606,4380.528188,0,
4381.528247,18509,4381.528247,30458,4381.528247,0,4381.528247,622,4381.528247,0,
4382.511293,16483,4382.511293,24132,4382.511293,0,4382.511293,587,4382.511293,0,
4383.528133,16279,4383.528133,23293,4383.528133,0,4383.528133,561,4383.528133,0,
4384.511729,15892,4384.511729,23212,4384.511729,0,4384.511729,579,4384.511729,0,
4405.295733,72174,4405.295733,102001,4405.295733,0,4405.295733,2902,4405.295733,0,
4414.012482,13940,4414.012482,19522,4414.012482,0,4414.012482,581,4414.012482,0,
4415.022414,14071,4415.022414,19537,4415.022414,0,4415.022414,581,4415.022414,0,
4416.094895,13975,4416.094895,19545,4416.094895,0,4416.094895,601,4416.094895,0,
4417.121869,13790,4417.121869,19619,4417.121869,0,4417.121869,548,4417.121869,0,
4418.121529,13909,4418.121529,19416,4418.121529,0,4418.121529,608,4418.121529,0,
4419.144892,13938,4419.144892,19599,4419.144892,0,4419.144892,589,4419.144892,0,
4420.138929,13940,4420.138929,19561,4420.138929,0,4420.138929,597,4420.138929,0,
4421.121923,13867,4421.121923,19082,4421.121923,0,4421.121923,581,4421.121923,0,
4422.138575,13804,4422.138575,18789,4422.138575,0,4422.138575,561,4422.138575,0,
4423.138679,13921,4423.138679,18719,4423.138679,0,4423.138679,575,4423.138679,0,
4424.138975,13691,4424.138975,18150,4424.138975,0,4424.138975,586,4424.138975,0,
4425.138866,13653,4425.138866,17936,4425.138866,0,4425.138866,603,4425.138866,0,
4426.138488,13399,4426.138488,17377,4426.138488,0,4426.138488,599,4426.138488,0,
4427.145325,13351,4427.145325,17182,4427.145325,0,4427.145325,580,4427.145325,0,
4428.138598,13616,4428.138598,17735,4428.138598,0,4428.138598,577,4428.138598,0,
4429.138759,13777,4429.138759,18428,4429.138759,0,4429.138759,594,4429.138759,0,
4430.144913,13967,4430.144913,18818,4430.144913,0,4430.144913,606,4430.144913,0,
4431.138288,14007,4431.138288,19372,4431.138288,0,4431.138288,540,4431.138288,0,
4432.161691,13814,4432.161691,19573,4432.161691,0,4432.161691,594,4432.161691,0,
4433.161517,13724,4433.161517,19522,4433.161517,0,4433.161517,525,4433.161517,0,
4434.161583,13727,4434.161583,19579,4434.161583,0,4434.161583,585,4434.161583,0,
4435.16162,14046,4435.16162,19460,4435.16162,0,4435.16162,587,4435.16162,0,
4436.138083,13805,4436.138083,19913,4436.138083,0,4436.138083,552,4436.138083,0,
4437.161585,12868,4437.161585,18516,4437.161585,0,4437.161585,479,4437.161585,0,
4438.161595,13921,4438.161595,19407,4438.161595,0,4438.161595,620,4438.161595,0,
4439.145279,13870,4439.145279,20085,4439.145279,0,4439.145279,556,4439.145279,0,
4440.138433,13878,4440.138433,19773,4440.138433,0,4440.138433,532,4440.138433,0,
4441.138357,13783,4441.138357,19449,4441.138357,0,4441.138357,546,4441.138357,0,
4442.138599,13748,4442.138599,19552,4442.138599,0,4442.138599,564,4442.138599,0,
4443.144987,13823,4443.144987,19792,4443.144987,0,4443.144987,566,4443.144987,0,
4444.138355,14062,4444.138355,19831,4444.138355,0,4444.138355,580,4444.138355,0,
4445.145527,13764,4445.145527,19647,4445.145527,0,4445.145527,514,4445.145527,0,
4446.155885,13713,4446.155885,19913,4446.155885,0,4446.155885,580,4446.155885,0,
4447.156318,13736,4447.156318,19995,4447.156318,0,4447.156318,612,4447.156318,0,
4448.211597,13931,4448.211597,19523,4448.211597,0,4448.211597,590,4448.211597,0,
4449.188241,13940,4449.188241,19957,4449.188241,0,4449.188241,571,4449.188241,0,
4450.188886,13943,4450.188886,19876,4450.188886,0,4450.188886,549,4450.188886,0,
4451.178308,13891,4451.178308,19896,4451.178308,0,4451.178308,574,4451.178308,0,
4452.178907,13979,4452.178907,19534,4452.178907,0,4452.178907,567,4452.178907,0,
4453.181044,13861,4453.181044,19282,4453.181044,0,4453.181044,536,4453.181044,0,
4454.178248,14033,4454.178248,19721,4454.178248,0,4454.178248,610,4454.178248,0,
4455.178305,13914,4455.178305,19609,4455.178305,0,4455.178305,582,4455.178305,0,
4456.155247,13780,4456.155247,19533,4456.155247,0,4456.155247,604,4456.155247,0,
4457.155518,13703,4457.155518,19662,4457.155518,0,4457.155518,583,4457.155518,0,
4458.155837,14018,4458.155837,19710,4458.155837,0,4458.155837,583,4458.155837,0,
4459.155711,14288,4459.155711,20175,4459.155711,0,4459.155711,505,4459.155711,0,
4460.161829,14422,4460.161829,20561,4460.161829,0,4460.161829,564,4460.161829,0,
4461.15537,14702,4461.15537,20581,4461.15537,0,4461.15537,558,4461.15537,0,
4462.155424,14762,4462.155424,21091,4462.155424,0,4462.155424,577,4462.155424,0,
4463.155365,14688,4463.155365,21124,4463.155365,0,4463.155365,575,4463.155365,0,
4464.155492,14962,4464.155492,21142,4464.155492,0,4464.155492,602,4464.155492,0,
4465.171784,14988,4465.171784,21180,4465.171784,0,4465.171784,605,4465.171784,0,
4466.161998,14660,4466.161998,21114,4466.161998,0,4466.161998,609,4466.161998,0,
4467.170736,14942,4467.170736,21323,4467.170736,0,4467.170736,574,4467.170736,0,
4468.172397,14559,4468.172397,20603,4468.172397,0,4468.172397,555,4468.172397,0,
4469.194935,14670,4469.194935,21226,4469.194935,0,4469.194935,623,4469.194935,0,
4470.194963,14737,4470.194963,21226,4470.194963,0,4470.194963,592,4470.194963,0,
4471.194916,14805,4471.194916,21155,4471.194916,0,4471.194916,571,4471.194916,0,
4472.17848,14747,4472.17848,20895,4472.17848,0,4472.17848,559,4472.17848,0,
4473.178312,14623,4473.178312,20652,4473.178312,0,4473.178312,549,4473.178312,0,
4474.195042,14780,4474.195042,20921,4474.195042,0,4474.195042,606,4474.195042,0,
4475.178376,14670,4475.178376,21054,4475.178376,0,4475.178376,540,4475.178376,0,
4476.171653,14637,4476.171653,20927,4476.171653,0,4476.171653,599,4476.171653,0,
4477.172484,14572,4477.172484,20956,4477.172484,0,4477.172484,564,4477.172484,0,
4478.172235,14570,4478.172235,21177,4478.172235,0,4478.172235,619,4478.172235,0,
4479.171801,14510,4479.171801,20832,4479.171801,0,4479.171801,548,4479.171801,0,
4480.171774,14910,4480.171774,21248,4480.171774,0,4480.171774,620,4480.171774,0,
4481.17842,14749,4481.17842,21165,4481.17842,0,4481.17842,586,4481.17842,0,
4482.178667,14655,4482.178667,20867,4482.178667,0,4482.178667,541,4482.178667,0,
4483.171639,14815,4483.171639,21239,4483.171639,0,4483.171639,599,4483.171639,0,
4484.178278,14635,4484.178278,20929,4484.178278,0,4484.178278,550,4484.178278,0,
4485.211647,14478,4485.211647,21014,4485.211647,0,4485.211647,530,4485.211647,0,
4486.188337,14675,4486.188337,21031,4486.188337,0,4486.188337,614,4486.188337,0,
4487.188348,14642,4487.188348,20991,4487.188348,0,4487.188348,585,4487.188348,0,
4488.202159,14641,4488.202159,21245,4488.202159,0,4488.202159,578,4488.202159,0,
4489.221809,14451,4489.221809,21004,4489.221809,0,4489.221809,590,4489.221809,0,
4490.211634,14597,4490.211634,20857,4490.211634,0,4490.211634,563,4490.211634,0,
4491.195706,14621,4491.195706,20977,4491.195706,0,4491.195706,601,4491.195706,0,
4492.222404,14342,4492.222404,21047,4492.222404,0,4492.222404,567,4492.222404,0,
4493.186701,14733,4493.186701,20794,4493.186701,0,4493.186701,576,4493.186701,0,
4494.205932,14411,4494.205932,21073,4494.205932,0,4494.205932,620,4494.205932,0,
4505.839573,73561,4505.839573,105093,4505.839573,0,4505.839573,2959,4505.839573,0,
4510.856156,72935,4510.856156,105072,4510.856156,0,4510.856156,2905,4510.856156,0,
4515.858596,73007,4515.858596,105344,4515.858596,0,4515.858596,2952,4515.858596,0,
4520.864888,73068,4520.864888,104717,4520.864888,0,4520.864888,2892,4520.864888,0,
4525.862619,73038,4525.862619,105183,4525.862619,0,4525.862619,2884,4525.862619,0,
4558.039626,49200,4558.039626,71771,4558.039626,0,4558.039626,1642,4558.039626,0,
4563.039596,48618,4563.039596,73118,4563.039596,0,4563.039596,1627,4563.039596,0,
4568.062378,44929,4568.062378,64915,4568.062378,0,4568.062378,1592,4568.062378,0,
4573.039337,47683,4573.039337,70650,4573.039337,0,4573.039337,1543,4573.039337,0,
4578.045711,47073,4578.045711,69214,4578.045711,0,4578.045711,1586,4578.045711,0,
4600.039643,23293,4600.039643,36848,4600.039643,0,4600.039643,564,4600.039643,0,
4605.045786,20556,4605.045786,28304,4605.045786,0,4605.045786,575,4605.045786,0,
4610.04615,20622,4610.04615,28099,4610.04615,0,4610.04615,549,4610.04615,0,
4615.055365,20290,4615.055365,27874,4615.055365,0,4615.055365,573,4615.055365,0,
4620.056152,20145,4620.056152,27595,4620.056152,0,4620.056152,590,4620.056152,0,
4638.273088,9158,4638.273088,12012,4638.273088,0,4638.273088,54,4638.273088,0,
4643.289356,9388,4643.289356,12782,4643.289356,0,4643.289356,57,4643.289356,0,
4648.296089,9273,4648.296089,12742,4648.296089,0,4648.296089,54,4648.296089,0,
4653.29616,9418,4653.29616,12545,4653.29616,0,4653.29616,58,4653.29616,0,
4658.31281,9212,4658.31281,12563,4658.31281,0,4658.31281,55,4658.31281,0,
4674.673047,13592,4674.673047,19182,4674.673047,0,4674.673047,305,4674.673047,0,
4679.706789,14371,4679.706789,19989,4679.706789,0,4679.706789,304,4679.706789,0,
4684.678773,14251,4684.678773,19985,4684.678773,0,4684.678773,241,4684.678773,0,
4689.672704,14703,4689.672704,20773,4689.672704,0,4689.672704,288,4689.672704,0,
4694.689796,14268,4694.689796,20941,4694.689796,0,4694.689796,324,4694.689796,0,
4714.489347,39488,4714.489347,59231,4714.489347,0,4714.489347,1186,4714.489347,0,
4719.50616,35674,4719.50616,51804,4719.50616,0,4719.50616,1197,4719.50616,0,
4724.489825,35537,4724.489825,51733,4724.489825,0,4724.489825,1133,4724.489825,0,
4729.489474,35924,4729.489474,52311,4729.489474,0,4729.489474,1201,4729.489474,0,
4734.48983,35511,4734.48983,51702,4734.48983,0,4734.48983,1159,4734.48983,0,
4752.456557,57977,4752.456557,81793,4752.456557,0,4752.456557,2336,4752.456557,0,
4757.462873,57397,4757.462873,81533,4757.462873,0,4757.462873,2317,4757.462873,0,
4762.456569,57385,4762.456569,81720,4762.456569,0,4762.456569,2403,4762.456569,0,
4767.463404,57654,4767.463404,82066,4767.463404,0,4767.463404,2310,4767.463404,0,
4772.456493,58625,4772.456493,82974,4772.456493,0,4772.456493,2367,4772.456493,0,
4794.423367,78805,4794.423367,113244,4794.423367,0,4794.423367,3243,4794.423367,0,
4799.423225,78422,4799.423225,113096,4799.423225,0,4799.423225,3200,4799.423225,0,
4804.439945,78149,4804.439945,112971,4804.439945,0,4804.439945,3248,4804.439945,0,
4809.456636,79312,4809.456636,113943,4809.456636,0,4809.456636,3174,4809.456636,0,
4814.456614,79204,4814.456614,112533,4814.456614,0,4814.456614,3251,4814.456614,0,
4832.923382,81971,4832.923382,116083,4832.923382,0,4832.923382,3207,4832.923382,0,
4837.929742,81793,4837.929742,116622,4837.929742,0,4837.929742,3268,4837.929742,0,
4842.923299,81458,4842.923299,116506,4842.923299,0,4842.923299,3174,4842.923299,0,
4847.92327,81263,4847.92327,116404,4847.92327,0,4847.92327,3131,4847.92327,0,
4852.939984,81447,4852.939984,117271,4852.939984,0,4852.939984,3278,4852.939984,0,
4857.945944,82149,4857.945944,118302,4857.945944,0,4857.945944,3355,4857.945944,0,
4881.840045,68927,4881.840045,101728,4881.840045,0,4881.840045,2529,4881.840045,0,
4886.856729,65616,4886.856729,93937,4886.856729,0,4886.856729,2573,4886.856729,0,
4891.89643,65835,4891.89643,94020,4891.89643,0,4891.89643,2588,4891.89643,0,
4896.855737,65515,4896.855737,94247,4896.855737,0,4896.855737,2515,4896.855737,0,
4901.873345,66116,4901.873345,93417,4901.873345,0,4901.873345,2593,4901.873345,0,
4925.674036,40208,4925.674036,58380,4925.674036,0,4925.674036,1507,4925.674036,0,
4930.690576,40657,4930.690576,57584,4930.690576,0,4930.690576,1458,4930.690576,0,
4935.689785,40493,4935.689785,57388,4935.689785,0,4935.689785,1447,4935.689785,0,
4940.690209,40370,4940.690209,57756,4940.690209,0,4940.690209,1389,4940.690209,0,
4945.70649,40779,4945.70649,58010,4945.70649,0,4945.70649,1431,4945.70649,0,
4968.623529,18355,4968.623529,25569,4968.623529,0,4968.623529,445,4968.623529,0,
4973.642442,18986,4973.642442,26376,4973.642442,0,4973.642442,443,4973.642442,0,
4978.658006,18872,4978.658006,25989,4978.658006,0,4978.658006,479,4978.658006,0,
4983.640192,19616,4983.640192,29529,4983.640192,0,4983.640192,466,4983.640192,0,
4988.639955,18545,4988.639955,25562,4988.639955,0,4988.639955,474,4988.639955,0,
5007.040255,6760,5007.040255,8965,5007.040255,0,5007.040255,53,5007.040255,0,
5012.040006,8124,5012.040006,9598,5012.040006,0,5012.040006,44,5012.040006,0,
5017.040399,8421,5017.040399,10663,5017.040399,0,5017.040399,51,5017.040399,0,
5022.040229,8618,5022.040229,9631,5022.040229,0,5022.040229,58,5022.040229,0,
5027.056527,8545,5027.056527,10381,5027.056527,0,5027.056527,58,5027.056527,0,
5043.640064,18399,5043.640064,29815,5043.640064,0,5043.640064,362,5043.640064,0,
5048.639885,15717,5048.639885,22458,5048.639885,0,5048.639885,380,5048.639885,0,
5053.656807,15444,5053.656807,21964,5053.656807,0,5053.656807,394,5053.656807,0,
5058.656464,15138,5058.656464,20766,5058.656464,0,5058.656464,368,5058.656464,0,
5063.662372,15359,5063.662372,20989,5063.662372,0,5063.662372,337,5063.662372,0,
5082.689877,35483,5082.689877,50172,5082.689877,0,5082.689877,1207,5082.689877,0,
5087.673609,36013,5087.673609,48935,5087.673609,0,5087.673609,1280,5087.673609,0,
5092.673658,35886,5092.673658,50102,5092.673658,0,5092.673658,1293,5092.673658,0,
5097.67267,35541,5097.67267,50421,5097.67267,0,5097.67267,1268,5097.67267,0,
5102.670093,35750,5102.670093,50928,5102.670093,0,5102.670093,1265,5102.670093,0,
5121.673804,61055,5121.673804,88504,5121.673804,0,5121.673804,2469,5121.673804,0,
5126.690848,61348,5126.690848,88743,5126.690848,0,5126.690848,2346,5126.690848,0,
5131.702536,61148,5131.702536,88142,5131.702536,0,5131.702536,2374,5131.702536,0,
5136.707031,60779,5136.707031,87522,5136.707031,0,5136.707031,2300,5136.707031,0,
5141.739755,62726,5141.739755,88881,5141.739755,0,5141.739755,2362,5141.739755,0,
5158.307094,80043,5158.307094,114224,5158.307094,0,5158.307094,3190,5158.307094,0,
5163.323784,79264,5163.323784,114181,5163.323784,0,5163.323784,3140,5163.323784,0,
5168.33439,80395,5168.33439,114743,5168.33439,0,5168.33439,3231,5168.33439,0,
5173.323499,80442,5173.323499,115338,5173.323499,0,5173.323499,3132,5173.323499,0,
5178.339993,80728,5178.339993,115354,5178.339993,0,5178.339993,3088,5178.339993,0,
5196.557225,81386,5196.557225,115462,5196.557225,0,5196.557225,3085,5196.557225,0,
5201.573819,82658,5201.573819,117680,5201.573819,0,5201.573819,3264,5201.573819,0,
5206.577587,82762,5206.577587,119049,5206.577587,0,5206.577587,3204,5206.577587,0,
5211.597008,82080,5211.597008,117169,5211.597008,0,5211.597008,3274,5211.597008,0,
5216.596799,81963,5216.596799,117681,5216.596799,0,5216.596799,3228,5216.596799,0,
5236.390524,64103,5236.390524,91897,5236.390524,0,5236.390524,2496,5236.390524,0,
5241.407224,64496,5241.407224,91371,5241.407224,0,5241.407224,2526,5241.407224,0,
5246.413513,64739,5246.413513,92155,5246.413513,0,5246.413513,2481,5246.413513,0,
5251.407262,64498,5251.407262,90927,5251.407262,0,5251.407262,2569,5251.407262,0,
5256.423724,65192,5256.423724,92729,5256.423724,0,5256.423724,2452,5256.423724,0,
5272.640559,41930,5272.640559,60175,5272.640559,0,5272.640559,1491,5272.640559,0,
5277.647124,42509,5277.647124,59396,5277.647124,0,5277.647124,1482,5277.647124,0,
5282.657565,41848,5282.657565,60135,5282.657565,0,5282.657565,1423,5282.657565,0,
5287.67408,42644,5287.67408,60848,5287.67408,0,5287.67408,1534,5287.67408,0,
5292.694221,42499,5292.694221,62027,5292.694221,0,5292.694221,1540,5292.694221,0,
5313.440566,36437,5313.440566,64747,5313.440566,0,5313.440566,770,5313.440566,0,
5318.440685,19093,5318.440685,27275,5318.440685,0,5318.440685,470,5318.440685,0,
5323.440703,17261,5323.440703,23245,5323.440703,0,5323.440703,477,5323.440703,0,
5328.440315,15271,5328.440315,20348,5328.440315,0,5328.440315,453,5328.440315,0,
5333.464147,15142,5333.464147,20022,5333.464147,0,5333.464147,491,5333.464147,0,
5338.45693,14979,5338.45693,20022,5338.45693,0,5338.45693,484,5338.45693,0,
