cobalto;;
Long. Onda (nm);%R;
2500;17,24248695;
2499;17,20637131;
2498;17,25340652;
2497;17,31297302;
2496;17,26745987;
2495;17,15556908;
2494;17,3326149;
2493;17,2788372;
2492;17,24383926;
2491;17,24031258;
2490;17,26549339;
2489;17,37167168;
2488;17,28627014;
2487;17,25655174;
2486;17,23270416;
2485;17,23915863;
2484;17,28569794;
2483;17,25795937;
2482;17,28905487;
2481;17,20641136;
2480;17,25741577;
2479;17,27021027;
2478;17,32050133;
2477;17,30261421;
2476;17,27865601;
2475;17,29629517;
2474;17,29669189;
2473;17,27107239;
2472;17,25899887;
2471;17,30626488;
2470;17,30763054;
2469;17,17570496;
2468;17,29676056;
2467;17,29952049;
2466;17,31105614;
2465;17,32056046;
2464;17,28670502;
2463;17,28611565;
2462;17,37399101;
2461;17,30444336;
2460;17,26270676;
2459;17,34936714;
2458;17,36035156;
2457;17,28538513;
2456;17,27150154;
2455;17,32473373;
2454;17,29677582;
2453;17,30190277;
2452;17,33117676;
2451;17,29389572;
2450;17,30517387;
2449;17,30652618;
2448;17,31645393;
2447;17,36187553;
2446;17,32269478;
2445;17,26791382;
2444;17,33851242;
2443;17,29297256;
2442;17,29794502;
2441;17,35767746;
2440;17,27106667;
2439;17,26608658;
2438;17,26978683;
2437;17,35269356;
2436;17,33610725;
2435;17,34426117;
2434;17,34431076;
2433;17,30574799;
2432;17,36800003;
2431;17,33789063;
2430;17,34221458;
2429;17,3815918;
2428;17,31305885;
2427;17,36026001;
2426;17,34227562;
2425;17,31394005;
2424;17,31433487;
2423;17,3407383;
2422;17,34652901;
2421;17,36889267;
2420;17,36507034;
2419;17,31780815;
2418;17,33773613;
2417;17,35666847;
2416;17,3817215;
2415;17,38567352;
2414;17,33485222;
2413;17,38258362;
2412;17,33589554;
2411;17,34398651;
2410;17,36467552;
2409;17,34755325;
2408;17,3952179;
2407;17,42673874;
2406;17,41715431;
2405;17,38584137;
2404;17,40444374;
2403;17,36392975;
2402;17,37528229;
2401;17,35871887;
2400;17,37245941;
2399;17,4389801;
2398;17,42932892;
2397;17,36765671;
2396;17,41109657;
2395;17,39088058;
2394;17,42267227;
2393;17,43276787;
2392;17,38478661;
2391;17,4218483;
2390;17,39251328;
2389;17,4274044;
2388;17,44185448;
2387;17,4133873;
2386;17,43365288;
2385;17,4309845;
2384;17,44836044;
2383;17,45406914;
2382;17,42452621;
2381;17,43899155;
2380;17,44298553;
2379;17,48257828;
2378;17,44450569;
2377;17,48027802;
2376;17,41961861;
2375;17,47977066;
2374;17,45432854;
2373;17,47190857;
2372;17,51251793;
2371;17,47619247;
2370;17,49628258;
2369;17,50858688;
2368;17,50335312;
2367;17,51902008;
2366;17,54602623;
2365;17,52130318;
2364;17,53252792;
2363;17,56417084;
2362;17,54304504;
2361;17,55409622;
2360;17,56642532;
2359;17,57040024;
2358;17,56720924;
2357;17,5734787;
2356;17,56848335;
2355;17,5708046;
2354;17,59963799;
2353;17,57596588;
2352;17,58096886;
2351;17,60161591;
2350;17,60392761;
2349;17,60865974;
2348;17,61637306;
2347;17,62124252;
2346;17,61661339;
2345;17,61967087;
2344;17,61504936;
2343;17,60363007;
2342;17,61423111;
2341;17,61701584;
2340;17,60032272;
2339;17,61093712;
2338;17,63020515;
2337;17,62935066;
2336;17,6487484;
2335;17,63825989;
2334;17,62601852;
2333;17,64178848;
2332;17,66551208;
2331;17,6352787;
2330;17,67869949;
2329;17,66321754;
2328;17,65585136;
2327;17,71946144;
2326;17,70011711;
2325;17,7316761;
2324;17,72101212;
2323;17,75615501;
2322;17,73031044;
2321;17,74141693;
2320;17,75826836;
2319;17,76592636;
2318;17,7481575;
2317;17,76038361;
2316;17,7508049;
2315;17,77419662;
2314;17,69309998;
2313;17,74209213;
2312;17,73841476;
2311;17,72797775;
2310;17,72708893;
2309;17,75725746;
2308;17,67636299;
2307;17,74434662;
2306;17,7430954;
2305;17,75501633;
2304;17,65397453;
2303;17,65429878;
2302;17,68192863;
2301;17,677248;
2300;17,67207146;
2299;17,63884544;
2298;17,64561462;
2297;17,64682198;
2296;17,62709236;
2295;17,57584953;
2294;17,69083786;
2293;17,62539673;
2292;17,62469864;
2291;17,5933609;
2290;17,56568909;
2289;17,62319756;
2288;17,6382103;
2287;17,57556915;
2286;17,64579391;
2285;17,5393219;
2284;17,63768768;
2283;17,57312775;
2282;17,53406906;
2281;17,47796822;
2280;17,51716805;
2279;17,49209023;
2278;17,39404869;
2277;17,45969009;
2276;17,45465088;
2275;17,41170502;
2274;17,42336082;
2273;17,40724564;
2272;17,42381096;
2271;17,43966866;
2270;17,31965637;
2269;17,34341621;
2268;17,28658676;
2267;17,34213638;
2266;17,21447372;
2265;17,30102158;
2264;17,2288208;
2263;17,2955265;
2262;17,26612282;
2261;17,2079525;
2260;17,15651512;
2259;17,20402336;
2258;17,15642738;
2257;17,21040154;
2256;17,12671852;
2255;17,23926163;
2254;17,12434959;
2253;17,19805336;
2252;17,17260742;
2251;17,07431412;
2250;17,21967125;
2249;17,14440727;
2248;17,10920334;
2247;17,12337112;
2246;17,16182899;
2245;17,09324646;
2244;17,09305763;
2243;17,15338707;
2242;17,06984711;
2241;17,09314156;
2240;17,06473923;
2239;17,11368942;
2238;17,1304245;
2237;17,12698174;
2236;17,07394028;
2235;17,1776123;
2234;17,14986801;
2233;17,15346718;
2232;17,17437553;
2231;17,16704369;
2230;17,12949562;
2229;17,15916252;
2228;17,1297226;
2227;17,08641815;
2226;17,13547325;
2225;17,1876812;
2224;17,19010544;
2223;17,16828728;
2222;17,18889809;
2221;17,1190815;
2220;17,14485359;
2219;17,14775658;
2218;17,132864;
2217;17,11120033;
2216;17,12683105;
2215;17,12299156;
2214;17,11712837;
2213;17,13756943;
2212;17,09630585;
2211;17,11224174;
2210;17,16123009;
2209;17,12265205;
2208;17,11565781;
2207;17,12942696;
2206;17,14464951;
2205;17,14847565;
2204;17,15312958;
2203;17,17359924;
2202;17,19548798;
2201;17,20082092;
2200;17,21004868;
2199;17,27517509;
2198;17,29142952;
2197;17,34913254;
2196;17,34042549;
2195;17,40635109;
2194;17,44062805;
2193;17,48729897;
2192;17,58946228;
2191;17,6102562;
2190;17,58932877;
2189;17,65723419;
2188;17,70448112;
2187;17,74821281;
2186;17,7771492;
2185;17,73348808;
2184;17,80841064;
2183;17,78197479;
2182;17,77890396;
2181;17,75895119;
2180;17,78821564;
2179;17,70978928;
2178;17,76911736;
2177;17,74568176;
2176;17,72507858;
2175;17,77437973;
2174;17,70951462;
2173;17,72677231;
2172;17,69239044;
2171;17,66396904;
2170;17,71651649;
2169;17,62058258;
2168;17,62904549;
2167;17,59878731;
2166;17,62171173;
2165;17,67650604;
2164;17,64816856;
2163;17,67709923;
2162;17,67463684;
2161;17,5984726;
2160;17,6792984;
2159;17,66679382;
2158;17,65104485;
2157;17,6769352;
2156;17,69289017;
2155;17,65925026;
2154;17,66135406;
2153;17,64412308;
2152;17,65455437;
2151;17,72665215;
2150;17,67392921;
2149;17,6997757;
2148;17,63501549;
2147;17,73572922;
2146;17,66519928;
2145;17,71690559;
2144;17,73897362;
2143;17,68668938;
2142;17,71285629;
2141;17,70723152;
2140;17,64849663;
2139;17,71957588;
2138;17,69823647;
2137;17,64865303;
2136;17,63527107;
2135;17,69289589;
2134;17,7357235;
2133;17,66954422;
2132;17,67499542;
2131;17,68964005;
2130;17,60590363;
2129;17,64954567;
2128;17,69085884;
2127;17,66021538;
2126;17,60605812;
2125;17,6148243;
2124;17,63228607;
2123;17,59921074;
2122;17,57404327;
2121;17,57498741;
2120;17,64024353;
2119;17,58411026;
2118;17,65036392;
2117;17,60342216;
2116;17,62015533;
2115;17,57046509;
2114;17,5943203;
2113;17,55280113;
2112;17,54239464;
2111;17,56608391;
2110;17,54856873;
2109;17,54310226;
2108;17,52256012;
2107;17,58812332;
2106;17,51717567;
2105;17,55168915;
2104;17,52961922;
2103;17,55080414;
2102;17,55380249;
2101;17,50672531;
2100;17,52249527;
2099;17,54827118;
2098;17,49946976;
2097;17,5537281;
2096;17,54629135;
2095;17,51995659;
2094;17,48010635;
2093;17,51311302;
2092;17,51163101;
2091;17,50401878;
2090;17,54170799;
2089;17,48583412;
2088;17,49820709;
2087;17,49860001;
2086;17,46792412;
2085;17,49183083;
2084;17,48268318;
2083;17,48455238;
2082;17,53807831;
2081;17,48561478;
2080;17,49941444;
2079;17,46690178;
2078;17,46056175;
2077;17,48438454;
2076;17,47417068;
2075;17,46344376;
2074;17,48143959;
2073;17,45266914;
2072;17,46340561;
2071;17,47161674;
2070;17,41481781;
2069;17,50192833;
2068;17,42001152;
2067;17,45311546;
2066;17,47272682;
2065;17,45198441;
2064;17,45570755;
2063;17,43915558;
2062;17,44649887;
2061;17,44087791;
2060;17,41303825;
2059;17,39159012;
2058;17,39956856;
2057;17,43717575;
2056;17,39889908;
2055;17,40773201;
2054;17,38451767;
2053;17,42915726;
2052;17,39996338;
2051;17,3592205;
2050;17,35414505;
2049;17,39438248;
2048;17,420784;
2047;17,39204407;
2046;17,37143898;
2045;17,37995338;
2044;17,38362694;
2043;17,3619976;
2042;17,31923103;
2041;17,34531593;
2040;17,34921837;
2039;17,37041283;
2038;17,37699127;
2037;17,34627151;
2036;17,31056404;
2035;17,34914398;
2034;17,35044861;
2033;17,33832741;
2032;17,32984543;
2031;17,35328484;
2030;17,31002998;
2029;17,32470322;
2028;17,28267097;
2027;17,32793427;
2026;17,30686378;
2025;17,32459831;
2024;17,28369331;
2023;17,24261284;
2022;17,25492859;
2021;17,27507019;
2020;17,26524162;
2019;17,28227806;
2018;17,24762726;
2017;17,2866993;
2016;17,28672409;
2015;17,26597786;
2014;17,25435829;
2013;17,25491524;
2012;17,23890305;
2011;17,252491;
2010;17,22227669;
2009;17,21604919;
2008;17,23186874;
2007;17,21566391;
2006;17,24404144;
2005;17,20158005;
2004;17,20034599;
2003;17,19883156;
2002;17,21926308;
2001;17,20466423;
2000;17,19592285;
1999;17,19252777;
1998;17,21195221;
1997;17,1855011;
1996;17,19618797;
1995;17,20658875;
1994;17,19397545;
1993;17,17938614;
1992;17,18238258;
1991;17,21386147;
1990;17,15869904;
1989;17,18157768;
1988;17,18327332;
1987;17,16543961;
1986;17,16719246;
1985;17,1401062;
1984;17,15864563;
1983;17,17103004;
1982;17,14865875;
1981;17,1339283;
1980;17,15480423;
1979;17,12240219;
1978;17,11923981;
1977;17,12207413;
1976;17,1221714;
1975;17,13856697;
1974;17,1458683;
1973;17,16343689;
1972;17,13982582;
1971;17,14499664;
1970;17,14944458;
1969;17,13809204;
1968;17,14836884;
1967;17,1194725;
1966;17,13567162;
1965;17,12940407;
1964;17,16523361;
1963;17,15409088;
1962;17,1312561;
1961;17,14022446;
1960;17,11952019;
1959;17,12132454;
1958;17,12675858;
1957;17,14074707;
1956;17,13106918;
1955;17,12100029;
1954;17,11608887;
1953;17,13559914;
1952;17,13908958;
1951;17,11916542;
1950;17,11378479;
1949;17,12489891;
1948;17,10507393;
1947;17,11965942;
1946;17,12575912;
1945;17,12179184;
1944;17,10671997;
1943;17,13216591;
1942;17,12583923;
1941;17,12691307;
1940;17,10775566;
1939;17,10969543;
1938;17,12130547;
1937;17,10009384;
1936;17,11616516;
1935;17,11806107;
1934;17,10902977;
1933;17,12081718;
1932;17,1043148;
1931;17,08767128;
1930;17,08857155;
1929;17,10379028;
1928;17,08730507;
1927;17,08344269;
1926;17,08795929;
1925;17,05168915;
1924;17,07250214;
1923;17,07052612;
1922;17,06146431;
1921;17,05424881;
1920;17,06739807;
1919;17,07512665;
1918;17,04673195;
1917;17,0516758;
1916;17,01280594;
1915;17,03042984;
1914;17,02636719;
1913;16,99953461;
1912;16,98923111;
1911;16,9679718;
1910;16,95095634;
1909;16,95210266;
1908;16,91530418;
1907;16,89357376;
1906;16,8876667;
1905;16,88648605;
1904;16,89088249;
1903;16,86129189;
1902;16,83670044;
1901;16,83963013;
1900;16,81740952;
1899;16,81732559;
1898;16,80994034;
1897;16,8176384;
1896;16,78625679;
1895;16,80783081;
1894;16,78461647;
1893;16,81920052;
1892;16,80971909;
1891;16,84938049;
1890;16,85857773;
1889;16,87798882;
1888;16,91015244;
1887;16,9272995;
1886;16,93972015;
1885;16,95692444;
1884;16,96149254;
1883;16,96853256;
1882;16,96441269;
1881;16,96081352;
1880;16,95033455;
1879;16,92955589;
1878;16,89569855;
1877;16,87855148;
1876;16,88504791;
1875;16,86235428;
1874;16,84136772;
1873;16,80259132;
1872;16,81169891;
1871;16,78678894;
1870;16,78543472;
1869;16,73548508;
1868;16,73194695;
1867;16,71145058;
1866;16,69371605;
1865;16,70753288;
1864;16,69077492;
1863;16,66687012;
1862;16,66403198;
1861;16,66320229;
1860;16,66109848;
1859;16,68073463;
1858;16,66933823;
1857;16,65472794;
1856;16,69324112;
1855;16,68161201;
1854;16,69031715;
1853;16,69617653;
1852;16,71833038;
1851;16,69963074;
1850;16,68276405;
1849;16,67036057;
1848;16,65841103;
1847;16,66169548;
1846;16,62475014;
1845;16,61615753;
1844;16,60890579;
1843;16,57318687;
1842;16,54997253;
1841;16,54389763;
1840;16,51988411;
1839;16,52808762;
1838;16,51433945;
1837;16,49100876;
1836;16,48922348;
1835;16,48860168;
1834;16,4533596;
1833;16,44862556;
1832;16,4346199;
1831;16,41085243;
1830;16,4029026;
1829;16,41640854;
1828;16,38258553;
1827;16,38318634;
1826;16,37802505;
1825;16,37309456;
1824;16,33856201;
1823;16,34344673;
1822;16,3302269;
1821;16,33621216;
1820;16,33287621;
1819;16,33287239;
1818;16,31613731;
1817;16,32528687;
1816;16,30377579;
1815;16,30451012;
1814;16,29822731;
1813;16,28731918;
1812;16,28131485;
1811;16,24954414;
1810;16,27220535;
1809;16,26726151;
1808;16,25483704;
1807;16,24160194;
1806;16,26025772;
1805;16,25299835;
1804;16,22801971;
1803;16,24818802;
1802;16,22908974;
1801;16,22740936;
1800;16,23037338;
1799;16,2184639;
1798;16,20284271;
1797;16,2039032;
1796;16,18465805;
1795;16,19993591;
1794;16,19197464;
1793;16,17636108;
1792;16,16225243;
1791;16,16595078;
1790;16,16159058;
1789;16,14928627;
1788;16,14023209;
1787;16,13360214;
1786;16,13089371;
1785;16,12538338;
1784;16,12025452;
1783;16,11256981;
1782;16,11491203;
1781;16,10523796;
1780;16,1080761;
1779;16,09047508;
1778;16,07361412;
1777;16,07365608;
1776;16,06625366;
1775;16,06703949;
1774;16,05928421;
1773;16,0500145;
1772;16,036623;
1771;16,03036308;
1770;16,01638603;
1769;16,01341057;
1768;16,00386429;
1767;16,00372314;
1766;15,99304962;
1765;15,98475266;
1764;15,98352623;
1763;15,9647274;
1762;15,97073936;
1761;15,94186974;
1760;15,94680405;
1759;15,93707466;
1758;15,93039036;
1757;15,92348385;
1756;15,93103218;
1755;15,92236614;
1754;15,91361332;
1753;15,90809345;
1752;15,89650631;
1751;15,90200329;
1750;15,89741707;
1749;15,88345337;
1748;15,89474869;
1747;15,88412189;
1746;15,87482548;
1745;15,87450314;
1744;15,87347794;
1743;15,86170197;
1742;15,85910511;
1741;15,85009956;
1740;15,8508749;
1739;15,84332561;
1738;15,84146881;
1737;15,8358469;
1736;15,83308697;
1735;15,81936073;
1734;15,80717564;
1733;15,8019886;
1732;15,78699017;
1731;15,79981613;
1730;15,7896862;
1729;15,7810154;
1728;15,77050877;
1727;15,76771545;
1726;15,75819588;
1725;15,74962139;
1724;15,7522316;
1723;15,73227024;
1722;15,72932625;
1721;15,7322464;
1720;15,72889519;
1719;15,71404171;
1718;15,71210194;
1717;15,70678616;
1716;15,69753265;
1715;15,69375801;
1714;15,68262577;
1713;15,69061852;
1712;15,68686104;
1711;15,67731476;
1710;15,66184044;
1709;15,66397285;
1708;15,66311073;
1707;15,66919994;
1706;15,65039158;
1705;15,65596581;
1704;15,64971066;
1703;15,65192986;
1702;15,64155102;
1701;15,63572693;
1700;15,63384342;
1699;15,62600899;
1698;15,62239361;
1697;15,61377621;
1696;15,60557652;
1695;15,61689568;
1694;15,61146355;
1693;15,60197353;
1692;15,60252476;
1691;15,59793186;
1690;15,59720325;
1689;15,59448719;
1688;15,59666443;
1687;15,58642864;
1686;15,58301449;
1685;15,58188248;
1684;15,5829668;
1683;15,57061386;
1682;15,57378483;
1681;15,5683279;
1680;15,56712055;
1679;15,566535;
1678;15,56489277;
1677;15,55733204;
1676;15,56077766;
1675;15,55636978;
1674;15,5540123;
1673;15,55560875;
1672;15,54887486;
1671;15,5428524;
1670;15,54338455;
1669;15,53707695;
1668;15,53067303;
1667;15,53704166;
1666;15,5411396;
1665;15,53367424;
1664;15,53596592;
1663;15,53637123;
1662;15,53061199;
1661;15,53642178;
1660;15,52886391;
1659;15,5277462;
1658;15,51930332;
1657;15,51490021;
1656;15,51933098;
1655;15,52000904;
1654;15,52379704;
1653;15,51706982;
1652;15,5184164;
1651;15,50830173;
1650;15,51786995;
1649;15,51103783;
1648;15,51348305;
1647;15,51637077;
1646;15,50867081;
1645;15,50003433;
1644;15,49670982;
1643;15,50510502;
1642;15,49504662;
1641;15,48980618;
1640;15,49370098;
1639;15,4801054;
1638;15,48529816;
1637;15,48270988;
1636;15,4745369;
1635;15,46813107;
1634;15,47531509;
1633;15,46802711;
1632;15,46119881;
1631;15,45420265;
1630;15,45694733;
1629;15,45992756;
1628;15,46055508;
1627;15,45686722;
1626;15,45225716;
1625;15,46875095;
1624;15,48168659;
1623;15,48139572;
1622;15,4973011;
1621;15,50283241;
1620;15,51123524;
1619;15,51830769;
1618;15,53312111;
1617;15,53828144;
1616;15,54280376;
1615;15,55315113;
1614;15,56834316;
1613;15,57250023;
1612;15,57113361;
1611;15,58344364;
1610;15,59327984;
1609;15,60304356;
1608;15,61098385;
1607;15,61931419;
1606;15,62667751;
1605;15,62640381;
1604;15,63710308;
1603;15,65139103;
1602;15,65714359;
1601;15,66557407;
1600;15,66592312;
1599;15,66988945;
1598;15,68637657;
1597;15,68653774;
1596;15,70176506;
1595;15,69860268;
1594;15,70530415;
1593;15,71443367;
1592;15,72817993;
1591;15,73394394;
1590;15,73840237;
1589;15,74868298;
1588;15,74977779;
1587;15,75759315;
1586;15,77331734;
1585;15,7679472;
1584;15,78356361;
1583;15,7872591;
1582;15,79078484;
1581;15,79634571;
1580;15,79900265;
1579;15,80263996;
1578;15,80977726;
1577;15,81610775;
1576;15,83326912;
1575;15,83184433;
1574;15,83385277;
1573;15,83922958;
1572;15,85259914;
1571;15,8530817;
1570;15,85234547;
1569;15,86264801;
1568;15,86896133;
1567;15,87169361;
1566;15,87802315;
1565;15,88487053;
1564;15,90135384;
1563;15,89107227;
1562;15,90062046;
1561;15,90570545;
1560;15,9083786;
1559;15,92065716;
1558;15,90955734;
1557;15,93148899;
1556;15,92789745;
1555;15,93984222;
1554;15,933074;
1553;15,93584538;
1552;15,94668198;
1551;15,94779778;
1550;15,95590973;
1549;15,95563889;
1548;15,95981884;
1547;15,96138;
1546;15,96493721;
1545;15,97440434;
1544;15,98006344;
1543;15,97322941;
1542;15,98209572;
1541;15,98118114;
1540;15,98549938;
1539;15,9915657;
1538;15,98927402;
1537;15,9990387;
1536;15,99560928;
1535;16,00588036;
1534;16,00651932;
1533;16,01080132;
1532;16,01046944;
1531;16,01263618;
1530;16,02131844;
1529;16,02596664;
1528;16,02296829;
1527;16,0318203;
1526;16,02666473;
1525;16,0298214;
1524;16,03801155;
1523;16,04120636;
1522;16,03588676;
1521;16,03583717;
1520;16,04900742;
1519;16,05204964;
1518;16,04584503;
1517;16,0437851;
1516;16,04699898;
1515;16,04631233;
1514;16,04964828;
1513;16,05406761;
1512;16,05894279;
1511;16,04610062;
1510;16,05622673;
1509;16,06295967;
1508;16,05809212;
1507;16,06154442;
1506;16,0583725;
1505;16,06414795;
1504;16,06440353;
1503;16,06273651;
1502;16,06530952;
1501;16,07159233;
1500;16,07146263;
1499;16,06911659;
1498;16,06739807;
1497;16,07249451;
1496;16,0650177;
1495;16,07699203;
1494;16,07256317;
1493;16,06919479;
1492;16,06726646;
1491;16,07166672;
1490;16,08170509;
1489;16,06769943;
1488;16,06422806;
1487;16,06850243;
1486;16,05918884;
1485;16,0676403;
1484;16,06685257;
1483;16,06801414;
1482;16,05622864;
1481;16,05753708;
1480;16,06026077;
1479;16,05467415;
1478;16,05329895;
1477;16,04227066;
1476;16,04649544;
1475;16,04422569;
1474;16,03934288;
1473;16,03551674;
1472;16,03507614;
1471;16,03240585;
1470;16,02969742;
1469;16,03182411;
1468;16,031147;
1467;16,02351761;
1466;16,02236557;
1465;16,03056717;
1464;16,01635933;
1463;16,02475929;
1462;16,01743317;
1461;16,02489281;
1460;16,01813507;
1459;16,02323532;
1458;16,02544594;
1457;16,01296997;
1456;16,01626205;
1455;16,01441002;
1454;16,01627541;
1453;16,01332855;
1452;16,00783157;
1451;16,00612831;
1450;15,99464989;
1449;16,00102615;
1448;15,97976685;
1447;15,9856739;
1446;15,98184109;
1445;15,97582436;
1444;15,96100521;
1443;15,95916557;
1442;15,9625473;
1441;15,9486351;
1440;15,94462395;
1439;15,94356346;
1438;15,93680191;
1437;15,92765141;
1436;15,91511822;
1435;15,91614819;
1434;15,90911293;
1433;15,90604019;
1432;15,89923954;
1431;15,89312744;
1430;15,88883591;
1429;15,87959194;
1428;15,88777733;
1427;15,87562084;
1426;15,86609364;
1425;15,86422062;
1424;15,84749413;
1423;15,85225868;
1422;15,84597397;
1421;15,83413219;
1420;15,841362;
1419;15,82071304;
1418;15,81096172;
1417;15,80833912;
1416;15,79248142;
1415;15,78965378;
1414;15,77398968;
1413;15,76528072;
1412;15,75224876;
1411;15,73581886;
1410;15,71706867;
1409;15,71346092;
1408;15,69648361;
1407;15,67939663;
1406;15,66420746;
1405;15,63944626;
1404;15,61984539;
1403;15,60208225;
1402;15,59031296;
1401;15,56649971;
1400;15,56073761;
1399;15,54406261;
1398;15,52694702;
1397;15,51480293;
1396;15,50738049;
1395;15,49639702;
1394;15,47563076;
1393;15,46237946;
1392;15,44511604;
1391;15,41631794;
1390;15,38939762;
1389;15,37057877;
1388;15,35213757;
1387;15,32838154;
1386;15,30889988;
1385;15,27640057;
1384;15,2652998;
1383;15,24608326;
1382;15,22514343;
1381;15,2114048;
1380;15,19366074;
1379;15,18717384;
1378;15,1733036;
1377;15,16894817;
1376;15,17855263;
1375;15,1779089;
1374;15,16818237;
1373;15,17487335;
1372;15,16496849;
1371;15,16228199;
1370;15,16508198;
1369;15,15850735;
1368;15,14831448;
1367;15,14293098;
1366;15,14062023;
1365;15,1340847;
1364;15,11894131;
1363;15,10384846;
1362;15,09487152;
1361;15,097229;
1360;15,08826065;
1359;15,07103443;
1358;15,07478809;
1357;15,07950687;
1356;15,09160805;
1355;15,10249329;
1354;15,1159029;
1353;15,13419628;
1352;15,14814186;
1351;15,16726589;
1350;15,18257236;
1349;15,21080112;
1348;15,22469234;
1347;15,24733734;
1346;15,26253033;
1345;15,28104115;
1344;15,29435635;
1343;15,30340767;
1342;15,30994797;
1341;15,31599426;
1340;15,33382797;
1339;15,32376862;
1338;15,33863068;
1337;15,33310986;
1336;15,3384819;
1335;15,33678627;
1334;15,34053993;
1333;15,33526516;
1332;15,33051682;
1331;15,33223534;
1330;15,33373737;
1329;15,32090187;
1328;15,3181076;
1327;15,3113451;
1326;15,31185913;
1325;15,31208897;
1324;15,31205463;
1323;15,30142879;
1322;15,30025578;
1321;15,29528904;
1320;15,28744698;
1319;15,28620148;
1318;15,27601051;
1317;15,2780323;
1316;15,2558918;
1315;15,26066208;
1314;15,2538414;
1313;15,24796295;
1312;15,24414253;
1311;15,22740269;
1310;15,2177887;
1309;15,21830559;
1308;15,21058083;
1307;15,19802952;
1306;15,20087719;
1305;15,18260098;
1304;15,18512917;
1303;15,17908001;
1302;15,17478657;
1301;15,16148186;
1300;15,16679382;
1299;15,15769196;
1298;15,15899849;
1297;15,15283871;
1296;15,15053368;
1295;15,15496826;
1294;15,15798378;
1293;15,15441418;
1292;15,14802265;
1291;15,14689445;
1290;15,14037132;
1289;15,15093613;
1288;15,1466732;
1287;15,14422894;
1286;15,14461517;
1285;15,1294117;
1284;15,14319229;
1283;15,12601376;
1282;15,12382221;
1281;15,12776566;
1280;15,12709141;
1279;15,12236118;
1278;15,12330055;
1277;15,11952591;
1276;15,11470222;
1275;15,1284399;
1274;15,11651134;
1273;15,1154623;
1272;15,12236404;
1271;15,11232281;
1270;15,10883236;
1269;15,11157417;
1268;15,1055069;
1267;15,10637379;
1266;15,10667324;
1265;15,09809208;
1264;15,10270691;
1263;15,10263348;
1262;15,10059071;
1261;15,09922123;
1260;15,09305382;
1259;15,09839725;
1258;15,09852409;
1257;15,0887146;
1256;15,08505917;
1255;15,08705616;
1254;15,08785343;
1253;15,08793354;
1252;15,08010483;
1251;15,08492374;
1250;15,07840633;
1249;15,08824635;
1248;15,08224297;
1247;15,08129692;
1246;15,07728386;
1245;15,06944752;
1244;15,07597256;
1243;15,07627106;
1242;15,07153988;
1241;15,06520367;
1240;15,07138348;
1239;15,06827641;
1238;15,06620026;
1237;15,06894875;
1236;15,06831455;
1235;15,06516743;
1234;15,06002426;
1233;15,06034851;
1232;15,06579208;
1231;15,06162262;
1230;15,05788136;
1229;15,06719398;
1228;15,05652809;
1227;15,06030273;
1226;15,05695438;
1225;15,05361462;
1224;15,04952431;
1223;15,05250931;
1222;15,05334568;
1221;15,04724789;
1220;15,0532589;
1219;15,05520535;
1218;15,05203819;
1217;15,04905033;
1216;15,04619408;
1215;15,04093266;
1214;15,04360867;
1213;15,04157925;
1212;15,04692554;
1211;15,04436588;
1210;15,03215313;
1209;15,04253578;
1208;15,03281879;
1207;15,03385448;
1206;15,03560543;
1205;15,03178501;
1204;15,04040337;
1203;15,03897285;
1202;15,03173256;
1201;15,03177452;
1200;15,03543091;
1199;15,4113636;
1198;15,46122837;
1197;15,46364307;
1196;15,4769392;
1195;15,49499893;
1194;15,49150658;
1193;15,497118;
1192;15,51431847;
1191;15,51586056;
1190;15,52137566;
1189;15,53028965;
1188;15,53927326;
1187;15,54193974;
1186;15,54729462;
1185;15,55747128;
1184;15,55690956;
1183;15,57112885;
1182;15,57388306;
1181;15,58717537;
1180;15,59082985;
1179;15,60272884;
1178;15,61329174;
1177;15,61479282;
1176;15,63196373;
1175;15,63993263;
1174;15,65299034;
1173;15,6580286;
1172;15,65877819;
1171;15,6722784;
1170;15,68620396;
1169;15,69071865;
1168;15,69844818;
1167;15,70766163;
1166;15,71522236;
1165;15,73541355;
1164;15,74061966;
1163;15,75172997;
1162;15,75285912;
1161;15,76326942;
1160;15,76399612;
1159;15,77916908;
1158;15,79299259;
1157;15,79635334;
1156;15,80893135;
1155;15,81621933;
1154;15,82764435;
1153;15,83769608;
1152;15,83651733;
1151;15,85776615;
1150;15,85445213;
1149;15,86882496;
1148;15,88444138;
1147;15,88360977;
1146;15,89448452;
1145;15,91300392;
1144;15,91099644;
1143;15,92954731;
1142;15,9423008;
1141;15,95046806;
1140;15,94891262;
1139;15,96697235;
1138;15,97047997;
1137;15,98371601;
1136;15,99814701;
1135;16,00614929;
1134;16,01941872;
1133;16,02741241;
1132;16,03233528;
1131;16,04886436;
1130;16,05306244;
1129;16,06837845;
1128;16,07419777;
1127;16,08296776;
1126;16,10038948;
1125;16,10573387;
1124;16,1186657;
1123;16,11878204;
1122;16,13710213;
1121;16,14984322;
1120;16,15942955;
1119;16,17212868;
1118;16,1883297;
1117;16,19626808;
1116;16,21775436;
1115;16,2177372;
1114;16,22237778;
1113;16,24923706;
1112;16,2563858;
1111;16,27441025;
1110;16,28464317;
1109;16,29799652;
1108;16,31991196;
1107;16,3263073;
1106;16,34156609;
1105;16,35024643;
1104;16,36709213;
1103;16,37263298;
1102;16,38496017;
1101;16,39514542;
1100;16,41406822;
1099;16,41167641;
1098;16,42995262;
1097;16,44070053;
1096;16,44620514;
1095;16,46026611;
1094;16,46836281;
1093;16,48455048;
1092;16,49026489;
1091;16,50144386;
1090;16,51896667;
1089;16,52564049;
1088;16,53889275;
1087;16,54017067;
1086;16,55237961;
1085;16,56652451;
1084;16,57555389;
1083;16,58485222;
1082;16,5939579;
1081;16,59978294;
1080;16,6133976;
1079;16,62228775;
1078;16,63701248;
1077;16,64492416;
1076;16,64918709;
1075;16,66199493;
1074;16,66483307;
1073;16,67536736;
1072;16,68074799;
1071;16,69399452;
1070;16,70547485;
1069;16,71349335;
1068;16,72160721;
1067;16,72509384;
1066;16,73412704;
1065;16,74675369;
1064;16,75407219;
1063;16,76032639;
1062;16,76364136;
1061;16,77014732;
1060;16,77514267;
1059;16,78815651;
1058;16,79050636;
1057;16,79340363;
1056;16,80453491;
1055;16,81389999;
1054;16,8177166;
1053;16,82282829;
1052;16,81751633;
1051;16,82691002;
1050;16,83851051;
1049;16,85089111;
1048;16,84153175;
1047;16,85042953;
1046;16,84915352;
1045;16,85390472;
1044;16,86207199;
1043;16,86237907;
1042;16,86012459;
1041;16,85744286;
1040;16,86593819;
1039;16,87545204;
1038;16,8672657;
1037;16,87109566;
1036;16,8682785;
1035;16,87286949;
1034;16,87628937;
1033;16,87221527;
1032;16,86228561;
1031;16,86317253;
1030;16,8660717;
1029;16,86101532;
1028;16,85780144;
1027;16,85902405;
1026;16,85643578;
1025;16,85257339;
1024;16,84409142;
1023;16,83885956;
1022;16,83794212;
1021;16,83266068;
1020;16,82980728;
1019;16,82417297;
1018;16,80459976;
1017;16,80983162;
1016;16,79816437;
1015;16,79389191;
1014;16,78219986;
1013;16,77101517;
1012;16,75735283;
1011;16,74790192;
1010;16,73871994;
1009;16,73118019;
1008;16,71270561;
1007;16,70159149;
1006;16,68647003;
1005;16,66993713;
1004;16,66034508;
1003;16,64846611;
1002;16,63565445;
1001;16,61540985;
1000;16,6050148;
999;16,59197426;
998;16,58576584;
997;16,58866119;
996;16,58581161;
995;16,60555077;
994;16,62884903;
993;16,63092995;
992;16,63864326;
991;16,65618134;
990;16,67028809;
989;16,6843853;
988;16,69400787;
987;16,68774986;
986;16,6907959;
985;16,70371056;
984;16,72094727;
983;16,73369408;
982;16,73274994;
981;16,74390411;
980;16,74941063;
979;16,75494003;
978;16,77120781;
977;16,77444649;
976;16,79369736;
975;16,78595543;
974;16,80522156;
973;16,80783844;
972;16,82551956;
971;16,83597183;
970;16,84339905;
969;16,86066246;
968;16,85986519;
967;16,87005997;
966;16,88437843;
965;16,89635468;
964;16,89616013;
963;16,91145134;
962;16,91106796;
961;16,93279076;
960;16,92532539;
959;16,93086433;
958;16,92955399;
957;16,94661903;
956;16,95659447;
955;16,9442482;
954;16,95404434;
953;16,96383667;
952;16,96877861;
951;16,96378517;
950;16,98832893;
949;16,97985458;
948;16,98003578;
947;16,9799881;
946;16,98704529;
945;17,00492668;
944;17,00725174;
943;17,00911331;
942;16,99176788;
941;17,00268173;
940;17,00982475;
939;17,01793671;
938;17,00601959;
937;17,01662254;
936;17,01989937;
935;17,02160454;
934;17,02181435;
933;17,03787804;
932;17,04170799;
931;17,05243492;
930;17,05585098;
929;17,03391457;
928;17,05908966;
927;17,03069687;
926;17,05346489;
925;17,06202126;
924;17,05600548;
923;17,05546951;
922;17,04225922;
921;17,036726;
920;17,06123734;
919;17,04575157;
918;17,060709;
917;17,04164314;
916;17,04482651;
915;17,0395031;
914;17,02354813;
913;17,03744888;
912;17,0420742;
911;17,02862358;
910;17,0315609;
909;16,99570656;
908;17,00587845;
907;17,00094414;
906;17,03393745;
905;17,01836967;
904;17,00565147;
903;17,00382042;
902;17,01908112;
901;17,01173019;
900;16,99536896;
899;17,00292015;
898;16,96794701;
897;16,99543381;
896;16,97583389;
895;16,95752907;
894;16,93432236;
893;16,96584511;
892;16,99065781;
891;16,94379807;
890;16,91040993;
889;16,90198517;
888;16,85797501;
887;16,86285782;
886;16,84150124;
885;16,84972763;
884;16,83103561;
883;16,88089371;
882;16,8190937;
881;16,8453331;
880;16,79231262;
879;16,83672523;
878;16,78213692;
877;16,80087471;
876;16,75791168;
875;16,80541611;
874;16,71368027;
873;16,65858269;
872;16,6928196;
871;16,65232849;
870;16,60614967;
869;16,69830322;
868;16,61318016;
867;16,61249161;
866;16,61044121;
865;16,62693405;
864;16,59708405;
863;16,51264954;
862;16,61787033;
861;16,53034592;
860;16,47081757;
859;16,48985291;
858;16,36728668;
857;16,39251709;
856;16,45332146;
855;16,47518349;
854;16,36844635;
853;16,29283333;
852;16,36180496;
851;16,27606201;
850;16,20223999;
849;16,27625275;
848;16,27013779;
847;16,16806602;
846;16,27857018;
845;16,17919731;
844;16,20253563;
843;16,14972878;
842;16,04334831;
841;16,00968361;
840;16,046772;
839;15,99453259;
838;15,87081242;
837;15,93689728;
836;15,93367004;
835;15,90029335;
834;15,80410194;
833;15,76215172;
832;15,94724083;
831;15,7612009;
830;15,76206112;
829;15,77864552;
828;15,76476383;
827;15,62252045;
826;15,74337482;
825;15,66840839;
824;15,67692566;
823;15,4832468;
822;15,45547962;
821;15,61116409;
820;15,61601734;
819;15,31171513;
818;15,73560238;
817;15,4336195;
816;15,24028492;
815;15,35023117;
814;15,35865021;
813;15,35410309;
812;15,34908867;
811;15,27691174;
810;15,31389332;
809;15,27088165;
808;15,4482069;
807;15,26506519;
806;15,24915123;
805;15,07318592;
804;15,15510559;
803;15,32721233;
802;15,24896622;
801;15,39775753;
800;15,1880827;
799;16,7379818;
798;16,77646637;
797;16,65688896;
796;16,75174713;
795;16,6125164;
794;16,66740417;
793;16,57071495;
792;16,54580307;
791;16,59201241;
790;16,53168297;
789;16,48062897;
788;16,4590416;
787;16,38904572;
786;16,40534019;
785;16,42673683;
784;16,28595161;
783;16,26387787;
782;16,27793312;
781;16,30527878;
780;16,2447319;
779;16,20233536;
778;16,22825813;
777;16,1833725;
776;16,14541054;
775;16,0632019;
774;16,06190491;
773;16,04556465;
772;16,05474091;
771;16,01927376;
770;16,06039429;
769;16,03384972;
768;15,94415474;
767;15,88579559;
766;15,91932297;
765;15,88111687;
764;15,88144493;
763;15,81873608;
762;15,82159519;
761;15,79310417;
760;15,74809361;
759;15,75471497;
758;15,74303055;
757;15,70317173;
756;15,67045021;
755;15,62746143;
754;15,70701408;
753;15,61844349;
752;15,63201809;
751;15,61703396;
750;15,59905148;
749;15,55763626;
748;15,51601696;
747;15,56474876;
746;15,5278368;
745;15,49938583;
744;15,46670818;
743;15,47207642;
742;15,42397404;
741;15,40160751;
740;15,40224361;
739;15,39506435;
738;15,39237309;
737;15,38709736;
736;15,38924122;
735;15,35953903;
734;15,33493423;
733;15,25990677;
732;15,28306866;
731;15,22385216;
730;15,27042866;
729;15,23238564;
728;15,25259495;
727;15,23207474;
726;15,21747875;
725;15,22710037;
724;15,1877985;
723;15,16240692;
722;15,15983963;
721;15,11105633;
720;15,14768028;
719;15,13182259;
718;15,13931179;
717;15,10770512;
716;15,06057262;
715;15,05233383;
714;15,04826832;
713;15,05357456;
712;15,06053638;
711;15,01363182;
710;15,00061131;
709;15,0258913;
708;14,99303436;
707;14,97343063;
706;14,99926186;
705;14,9411726;
704;14,95610905;
703;14,92868614;
702;14,93393135;
701;14,91384792;
700;14,90869522;
699;14,90891838;
698;14,89087772;
697;14,86357307;
696;14,85479736;
695;14,85133934;
694;14,80397987;
693;14,82247829;
692;14,78598595;
691;14,78751755;
690;14,7715416;
689;14,77826881;
688;14,75292587;
687;14,74333096;
686;14,7268343;
685;14,71306229;
684;14,69714355;
683;14,69953251;
682;14,63722897;
681;14,67063427;
680;14,64259148;
679;14,60941124;
678;14,60657883;
677;14,60702896;
676;14,56785965;
675;14,56178856;
674;14,55081749;
673;14,51877213;
672;14,52169895;
671;14,4902544;
670;14,49745274;
669;14,4584446;
668;14,43706131;
667;14,40677643;
666;14,38562298;
665;14,37327003;
664;14,38760281;
663;14,35496807;
662;14,33393383;
661;14,32688522;
660;14,28598022;
659;14,26116848;
658;14,24811172;
657;14,21669579;
656;14,21897888;
655;14,17939091;
654;14,17277622;
653;14,13500023;
652;14,13719463;
651;14,08734035;
650;14,08028412;
649;14,05389023;
648;14,03772545;
647;13,99696064;
646;13,97982979;
645;13,94411182;
644;13,92704868;
643;13,90034676;
642;13,86759472;
641;13,84928703;
640;13,80596924;
639;13,79632092;
638;13,78452206;
637;13,76193905;
636;13,72058582;
635;13,71276569;
634;13,68690681;
633;13,65927505;
632;13,6347847;
631;13,60541725;
630;13,57513332;
629;13,55772305;
628;13,52639389;
627;13,53388309;
626;13,49252319;
625;13,4567318;
624;13,43346214;
623;13,44189358;
622;13,4004755;
621;13,38931942;
620;13,3358593;
619;13,33865547;
618;13,3127079;
617;13,2961092;
616;13,26416874;
615;13,26047802;
614;13,22629738;
613;13,22409344;
612;13,16974449;
611;13,17501926;
610;13,14758968;
609;13,13114929;
608;13,12240696;
607;13,10603333;
606;13,08698177;
605;13,06685925;
604;13,04162884;
603;12,9921999;
602;12,99779129;
601;12,95498657;
600;12,9635067;
599;12,92493629;
598;12,90548038;
597;12,88536835;
596;12,83906555;
595;12,81576443;
594;12,79883575;
593;12,78284931;
592;12,75296402;
591;12,69599915;
590;12,69701576;
589;12,6357975;
588;12,63068771;
587;12,59775925;
586;12,5608387;
585;12,53828144;
584;12,49392223;
583;12,47208309;
582;12,42982197;
581;12,38742733;
580;12,35020924;
579;12,30224705;
578;12,28109837;
577;12,23753548;
576;12,2124691;
575;12,19621277;
574;12,11143398;
573;12,05393219;
572;12,03482819;
571;11,99465656;
570;11,92739677;
569;11,90560341;
568;11,84773254;
567;11,83063698;
566;11,77623463;
565;11,73522854;
564;11,69420719;
563;11,64781666;
562;11,61601448;
561;11,57262802;
560;11,54329777;
559;11,52371502;
558;11,49602795;
557;11,42284393;
556;11,36539936;
555;11,36162376;
554;11,31852913;
553;11,28842258;
552;11,2615366;
551;11,21064377;
550;11,22628021;
549;11,19124508;
548;11,14954185;
547;11,10863781;
546;11,10133266;
545;11,08485794;
544;11,04295731;
543;11,04262352;
542;11,03228378;
541;11,00359154;
540;11,00927734;
539;10,95731163;
538;10,94900417;
537;10,95435429;
536;10,90460587;
535;10,91845417;
534;10,90430164;
533;10,87231064;
532;10,86265564;
531;10,85462761;
530;10,80874348;
529;10,82766819;
528;10,80407906;
527;10,77750015;
526;10,80436611;
525;10,7959404;
524;10,78596878;
523;10,78367424;
522;10,78201866;
521;10,78344536;
520;10,76242447;
519;10,74346638;
518;10,76550961;
517;10,7498455;
516;10,77089119;
515;10,75472927;
514;10,72368622;
513;10,76533699;
512;10,74467182;
511;10,7587595;
510;10,72110176;
509;10,76369286;
508;10,71129417;
507;10,72202587;
506;10,72144222;
505;10,72265625;
504;10,73110676;
503;10,7357893;
502;10,74971676;
501;10,72784996;
500;10,74971676;
499;10,7384119;
498;10,75226116;
497;10,74188995;
496;10,74950886;
495;10,82318306;
494;10,76019192;
493;10,81116962;
492;10,8295517;
491;10,83645821;
490;10,8383522;
489;10,87460709;
488;10,89188957;
487;10,89552212;
486;10,93457413;
485;10,92669487;
484;10,9420023;
483;10,93967819;
482;10,99461555;
481;11,04284477;
480;11,00161934;
479;11,03242683;
478;11,06425762;
477;11,08681297;
476;11,08511257;
475;11,10866737;
474;11,11406231;
473;11,16285133;
472;11,14137459;
471;11,19407749;
470;11,22320747;
469;11,22280693;
468;11,25025272;
467;11,26900291;
466;11,22726536;
465;11,25264645;
464;11,29018307;
463;11,29406929;
462;11,33908081;
461;11,30358696;
460;11,3171978;
459;11,37526703;
458;11,34294605;
457;11,33159828;
456;11,36219311;
455;11,3636446;
454;11,34628105;
453;11,37838745;
452;11,34887886;
451;11,35302353;
450;11,37739372;
449;11,32962799;
448;11,35494232;
447;11,34270763;
446;11,32249165;
445;11,33867836;
444;11,3478508;
443;11,32113743;
442;11,28701973;
441;11,29191971;
440;11,25410938;
439;11,25965691;
438;11,20922375;
437;11,24487114;
436;11,22375584;
435;11,23199463;
434;11,19049454;
433;11,20850849;
432;11,14520073;
431;11,12425804;
430;11,12743568;
429;11,08119678;
428;11,11355591;
427;11,08830643;
426;11,02764416;
425;11,00475502;
424;11,01295471;
423;10,95087051;
422;10,86876774;
421;10,89518356;
420;10,95255947;
419;10,84872341;
418;10,82732487;
417;10,75559902;
416;10,76938915;
415;10,78691959;
414;10,71972275;
413;10,66285992;
412;10,63210297;
411;10,5816927;
410;10,53577995;
409;10,52525043;
408;10,51432991;
407;10,44118118;
406;10,52402306;
405;10,39049149;
404;10,36526489;
403;10,31320286;
402;10,24534893;
401;10,26057243;
400;10,23426819;
399;10,18468952;
398;10,12933636;
397;9,99656105;
396;10,01163769;
395;10,05649185;
394;9,979154587;
393;9,920196533;
392;9,96532917;
391;9,895162582;
390;9,865802765;
389;9,809441566;
388;9,725702286;
387;9,741969109;
386;9,697449684;
385;9,636380196;
384;9,691405296;
383;9,570884705;
382;9,540705681;
381;9,552173615;
380;9,553498268;
379;9,524786949;
378;9,437403679;
377;9,466835022;
376;9,365412712;
375;9,338964462;
374;9,416362762;
373;9,506709099;
372;9,343353271;
371;9,283694267;
370;9,320597649;
369;9,319689751;
368;9,270884514;
367;9,104672432;
366;9,233524323;
365;9,165063858;
364;9,236320496;
363;9,159610748;
362;9,093781471;
361;9,118061066;
360;9,091333389;
359;9,105874062;
358;9,058371544;
357;9,093426704;
356;9,012318611;
355;8,926553726;
354;9,124684334;
353;8,937735558;
352;8,858757973;
351;8,837918282;
350;8,995128632;
349;11,51066399;
348;9,242267609;
347;8,996864319;
346;8,171236038;
345;8,130046844;
344;10,40267563;
343;9,144111633;
342;9,263819695;
341;11,06593609;
340;9,623139381;
339;10,0680809;
338;9,003346443;
337;9,953468323;
336;10,35202885;
335;8,679483414;
334;9,916332245;
333;8,409292221;
332;9,052508354;
331;8,662755966;
330;9,889986038;
329;11,69949627;
328;8,808649063;
327;9,110898972;
326;8,367251396;
325;9,004972458;
324;9,800790787;
323;10,02429199;
322;10,38953972;
321;10,47167969;
320;8,207921028;
319;10,11611748;
318;8,151292801;
317;9,846923828;
316;9,597453117;
315;10,25268364;
314;9,084853172;
313;9,184384346;
312;9,457300186;
311;9,083000183;
310;8,704197884;
309;9,461873055;
308;10,40493584;
307;10,39982986;
306;9,014669418;
305;9,929883003;
304;10,10286045;
303;9,556159973;
302;9,57990551;
301;9,59595108;
300;9,973626137;
299;10,1650486;
298;9,467198372;
297;10,06143379;
296;10,35966015;
295;10,61451244;
294;9,885178566;
293;9,828637123;
292;9,907385826;
291;9,573561668;
290;9,448373795;
289;10,57070446;
288;9,733615875;
287;9,334870338;
286;10,69751167;
285;9,677391052;
284;9,977171898;
283;10,54988384;
282;10,50142002;
281;10,4248848;
280;9,809138298;
279;10,52925873;
278;10,32728291;
277;10,36265373;
276;10,23209953;
275;10,90209961;
274;9,865067482;
273;10,12906837;
272;9,941664696;
271;10,19767189;
270;10,64893436;
269;10,73107147;
268;11,16364861;
267;10,16380978;
266;10,81190205;
265;10,34842205;
264;10,75958061;
263;10,76011467;
262;10,15520191;
261;10,45755482;
260;11,01678562;
259;10,79964733;
258;10,64551067;
257;11,09134293;
256;10,63690662;
255;10,52972126;
254;10,27980328;
253;10,37884998;
252;10,30223751;
251;10,90715504;
250;11,1209383;
249;11,24621201;
248;10,8217144;
247;10,75808334;
246;10,53472424;
245;10,74176979;
244;10,87084293;
243;11,0993185;
242;11,24188805;
241;11,31288433;
240;10,82633209;
239;11,25016499;
238;11,46873188;
237;11,93667412;
236;10,83903885;
235;11,21356869;
234;10,94553947;
233;11,50383472;
232;10,98901176;
231;11,11512375;
230;12,22845173;
229;12,0547123;
228;11,81541061;
227;9,859975815;
226;11,93528366;
225;10,90619564;
224;10,81006813;
223;12,58837986;
222;11,32711601;
221;12,54816246;
220;11,38395405;
219;10,61884212;
218;12,58232403;
217;11,82721901;
216;9,207411766;
215;12,37277985;
214;10,35029221;
213;10,8976078;
212;11,15824509;
211;14,47241306;
210;11,86605549;
209;7,189347744;
208;12,72583485;
207;13,82902431;
206;13,00188637;
205;15,82987785;
204;11,40156937;
203;14,7976284;
202;6,022754669;
201;8,175683022;
200;10,40744495;

